k,trial,seed,ALG,ALG_set_size,ALG_best_tau,ALG_n_thresholds,ALG_runtime_ms,OPT,OPT_set_size,OPT_iters,OPT_gap,OPT_runtime_ms,ratio,ALG_le_OPT
1,0,20260226,20.94612878288548,1,20.94612878288548,1,10.332400212064385,20.94612878288548,1,1,-5.684341886080802e-14,0.43269991874694824,1.0,True
1,1,20260227,20.955448124923556,1,20.955448124923556,1,10.70589991286397,20.955448124923556,1,1,0.0,0.36789989098906517,1.0,True
1,2,20260228,20.947853354993455,1,20.947853354993455,1,10.271199978888035,20.947853354993455,1,1,0.0,0.37090014666318893,1.0,True
1,3,20260229,20.94740188841906,1,20.94740188841906,1,13.556600082665682,20.94740188841906,1,1,0.0,0.45519997365772724,1.0,True
1,4,20260230,20.94035904123876,1,20.94035904123876,1,12.87090010009706,20.94035904123876,1,1,0.0,0.6060998421162367,1.0,True
1,5,20260231,20.93647865408904,1,20.93647865408904,1,12.122199870646,20.93647865408904,1,1,0.0,0.4292998928576708,1.0,True
1,6,20260232,20.956190526399244,1,20.956190526399244,1,12.11080001667142,20.956190526399244,1,1,0.0,0.3909999504685402,1.0,True
1,7,20260233,20.956303343710285,1,20.956303343710285,1,13.110999949276447,20.956303343710285,1,1,5.684341886080802e-14,0.4471999127417803,1.0,True
1,8,20260234,20.947482554807245,1,20.947482554807245,1,13.430899940431118,20.947482554807245,1,1,5.684341886080802e-14,0.4829999525099993,1.0,True
1,9,20260235,20.956067504958302,1,20.956067504958302,1,13.008599868044257,20.956067504958302,1,1,5.684341886080802e-14,0.4027998074889183,1.0,True
1,10,20260236,20.94544471915295,1,20.94544471915295,1,13.00720009021461,20.94544471915295,1,1,0.0,0.3701997920870781,1.0,True
1,11,20260237,20.95363817939396,1,20.95363817939396,1,13.734200038015842,20.95363817939396,1,1,0.0,0.4267999902367592,1.0,True
1,12,20260238,20.942702091672626,1,20.942702091672626,1,12.769400142133236,20.942702091672626,1,1,0.0,0.4027998074889183,1.0,True
1,13,20260239,20.939456505264868,1,20.939456505264868,1,12.485899962484837,20.939456505264868,1,1,0.0,0.3696000203490257,1.0,True
1,14,20260240,20.955447578268657,1,20.955447578268657,1,13.034600066021085,20.955447578268657,1,1,-5.684341886080802e-14,0.42109983041882515,1.0,True
1,15,20260241,20.948740965439104,1,20.948740965439104,1,14.284699922427535,20.948740965439104,1,1,0.0,0.5026999861001968,1.0,True
1,16,20260242,20.940373589853554,1,20.940373589853554,1,13.590400107204914,20.940373589853554,1,1,0.0,0.4763000179082155,1.0,True
1,17,20260243,20.944202197263476,1,20.944202197263476,1,12.586599914357066,20.944202197263476,1,1,-5.684341886080802e-14,0.48099993728101254,1.0,True
1,18,20260244,20.94505404791532,1,20.94505404791532,1,12.619400164112449,20.94505404791532,1,1,0.0,0.4483999218791723,1.0,True
1,19,20260245,20.950306611193255,1,20.950306611193255,1,12.841399991884828,20.950306611193255,1,1,0.0,0.3869000356644392,1.0,True
1,20,20260246,20.949792475402297,1,20.949792475402297,1,12.762099970132113,20.949792475402297,1,1,-5.684341886080802e-14,0.41719991713762283,1.0,True
1,21,20260247,20.952748803943674,1,20.952748803943674,1,12.965200003236532,20.952748803943674,1,1,5.684341886080802e-14,0.4146001301705837,1.0,True
1,22,20260248,20.956346883575055,1,20.956346883575055,1,13.124099932610989,20.956346883575055,1,1,0.0,0.4572998732328415,1.0,True
1,23,20260249,20.947998874078145,1,20.947998874078145,1,13.141800183802843,20.947998874078145,1,1,0.0,0.42940001003444195,1.0,True
1,24,20260250,20.95161526170846,1,20.95161526170846,1,12.162300059571862,20.95161526170846,1,1,0.0,0.4314000252634287,1.0,True
1,25,20260251,20.95021221286069,1,20.95021221286069,1,10.16990002244711,20.95021221286069,1,1,0.0,0.3605999518185854,1.0,True
1,26,20260252,20.94599984598996,1,20.94599984598996,1,12.19070004299283,20.94599984598996,1,1,0.0,0.45449985191226006,1.0,True
1,27,20260253,20.943664279736684,1,20.943664279736684,1,12.385299894958735,20.943664279736684,1,1,0.0,0.4312999080866575,1.0,True
1,28,20260254,20.949741987416612,1,20.949741987416612,1,12.660000007599592,20.949741987416612,1,1,0.0,0.40040002204477787,1.0,True
1,29,20260255,20.94833551887784,1,20.94833551887784,1,11.705100070685148,20.94833551887784,1,1,5.684341886080802e-14,0.40330016054213047,1.0,True
1,30,20260256,20.95059478551437,1,20.95059478551437,1,11.282799998298287,20.95059478551437,1,1,0.0,0.4771000239998102,1.0,True
1,31,20260257,20.955814264020518,1,20.955814264020518,1,12.148800073191524,20.955814264020518,1,1,0.0,0.4525999538600445,1.0,True
1,32,20260258,20.946148829465326,1,20.946148829465326,1,12.617900036275387,20.946148829465326,1,1,5.684341886080802e-14,0.3924998454749584,1.0,True
1,33,20260259,20.95331634318381,1,20.95331634318381,1,14.11769981496036,20.95331634318381,1,1,0.0,0.7639001123607159,1.0,True
1,34,20260260,20.949671576635264,1,20.949671576635264,1,12.649199925363064,20.949671576635264,1,1,5.684341886080802e-14,0.5320999771356583,1.0,True
1,35,20260261,20.948268556337904,1,20.948268556337904,1,13.186500174924731,20.948268556337904,1,1,-5.684341886080802e-14,0.47910003922879696,1.0,True
1,36,20260262,20.950068279298854,1,20.950068279298854,1,13.186800060793757,20.950068279298854,1,1,-5.684341886080802e-14,0.5530000198632479,1.0,True
1,37,20260263,20.95285086359177,1,20.95285086359177,1,13.818100094795227,20.95285086359177,1,1,0.0,0.48329983837902546,1.0,True
1,38,20260264,20.951409155942557,1,20.951409155942557,1,14.400000218302011,20.951409155942557,1,1,5.684341886080802e-14,0.5218000151216984,1.0,True
1,39,20260265,20.954249478657157,1,20.954249478657157,1,11.830100091174245,20.954249478657157,1,1,0.0,1.3880999758839607,1.0,True
1,40,20260266,20.95597005433236,1,20.95597005433236,1,11.309199966490269,20.95597005433236,1,1,0.0,1.0315000545233488,1.0,True
1,41,20260267,20.945324554996454,1,20.945324554996454,1,11.272199917584658,20.945324554996454,1,1,0.0,0.447999918833375,1.0,True
1,42,20260268,20.952432174615883,1,20.952432174615883,1,13.002699939534068,20.952432174615883,1,1,5.684341886080802e-14,0.43949997052550316,1.0,True
1,43,20260269,20.95630895963748,1,20.95630895963748,1,15.216000145301223,20.95630895963748,1,1,-5.684341886080802e-14,0.4789999220520258,1.0,True
1,44,20260270,20.946961443310798,1,20.946961443310798,1,14.131200034171343,20.946961443310798,1,1,0.0,0.45469985343515873,1.0,True
1,45,20260271,20.944773079637113,1,20.944773079637113,1,12.815899914130569,20.944773079637113,1,1,0.0,0.3931999672204256,1.0,True
1,46,20260272,20.951734322047958,1,20.951734322047958,1,13.397400034591556,20.951734322047958,1,1,0.0,0.4710000939667225,1.0,True
1,47,20260273,20.95191668132814,1,20.95191668132814,1,11.101699899882078,20.95191668132814,1,1,0.0,0.4936999175697565,1.0,True
1,48,20260274,20.952683476175213,1,20.952683476175213,1,11.006699874997139,20.952683476175213,1,1,0.0,0.3823998849838972,1.0,True
1,49,20260275,20.955825179928787,1,20.955825179928787,1,11.126700090244412,20.955825179928787,1,1,0.0,0.4143000114709139,1.0,True
1,50,20260276,20.95406138532725,1,20.95406138532725,1,12.65579997561872,20.95406138532725,1,1,0.0,0.47770002856850624,1.0,True
1,51,20260277,20.95187329380139,1,20.95187329380139,1,13.608300127089024,20.95187329380139,1,1,0.0,0.4290000069886446,1.0,True
1,52,20260278,20.951358143329422,1,20.951358143329422,1,14.436099911108613,20.951358143329422,1,1,-5.684341886080802e-14,0.5179001018404961,1.0,True
1,53,20260279,20.9452813896032,1,20.9452813896032,1,14.393300050869584,20.9452813896032,1,1,5.684341886080802e-14,0.4466001410037279,1.0,True
1,54,20260280,20.943814942463117,1,20.943814942463117,1,13.87990009970963,20.943814942463117,1,1,0.0,0.4817000590264797,1.0,True
1,55,20260281,20.94724470366436,1,20.94724470366436,1,13.01259989850223,20.94724470366436,1,1,0.0,0.41479989886283875,1.0,True
1,56,20260282,20.956379676896216,1,20.956379676896216,1,13.536999933421612,20.956379676896216,1,1,-5.684341886080802e-14,0.39059994742274284,1.0,True
1,57,20260283,20.95590574405005,1,20.95590574405005,1,13.38490005582571,20.95590574405005,1,1,0.0,0.426699873059988,1.0,True
1,58,20260284,20.94805709094859,1,20.94805709094859,1,13.470100006088614,20.94805709094859,1,1,0.0,0.40929997339844704,1.0,True
1,59,20260285,20.954230608242536,1,20.954230608242536,1,13.87959998100996,20.954230608242536,1,1,0.0,0.49269990995526314,1.0,True
1,60,20260286,20.944514465950867,1,20.944514465950867,1,14.585099881514907,20.944514465950867,1,1,0.0,0.4257000982761383,1.0,True
1,61,20260287,20.948842795626504,1,20.948842795626504,1,13.031499926000834,20.948842795626504,1,1,-5.684341886080802e-14,0.3893000539392233,1.0,True
1,62,20260288,20.938470186150628,1,20.938470186150628,1,14.13790020160377,20.938470186150628,1,1,0.0,0.5793999880552292,1.0,True
1,63,20260289,20.93527066219657,1,20.93527066219657,1,14.938399894163013,20.93527066219657,1,1,0.0,0.5177999846637249,1.0,True
1,64,20260290,20.94747219756131,1,20.94747219756131,1,14.610999962314963,20.94747219756131,1,1,-5.684341886080802e-14,0.4991998430341482,1.0,True
1,65,20260291,20.951622048891778,1,20.951622048891778,1,14.7838001139462,20.951622048891778,1,1,0.0,1.6454998403787613,1.0,True
1,66,20260292,20.946766552783487,1,20.946766552783487,1,12.894999934360385,20.946766552783487,1,1,0.0,0.569900032132864,1.0,True
1,67,20260293,20.93811198155488,1,20.93811198155488,1,12.866599950939417,20.93811198155488,1,1,5.684341886080802e-14,0.5087000317871571,1.0,True
1,68,20260294,20.944011291595206,1,20.944011291595206,1,12.945500202476978,20.944011291595206,1,1,0.0,0.5012999754399061,1.0,True
1,69,20260295,20.949479833307368,1,20.949479833307368,1,12.311599915847182,20.949479833307368,1,1,0.0,0.5083999130874872,1.0,True
1,70,20260296,20.954297190720563,1,20.954297190720563,1,14.357900014147162,20.954297190720563,1,1,0.0,0.4835000727325678,1.0,True
1,71,20260297,20.955076771896625,1,20.955076771896625,1,13.853500131517649,20.955076771896625,1,1,0.0,0.47789979726076126,1.0,True
1,72,20260298,20.951676591155223,1,20.951676591155223,1,13.518399791792035,20.951676591155223,1,1,5.684341886080802e-14,0.546199968084693,1.0,True
1,73,20260299,20.95207952482849,1,20.95207952482849,1,11.810600059106946,20.95207952482849,1,1,0.0,1.1122999712824821,1.0,True
1,74,20260300,20.953958621937243,1,20.953958621937243,1,13.476100051775575,20.953958621937243,1,1,0.0,0.7603000849485397,1.0,True
1,75,20260301,20.949918247024712,1,20.949918247024712,1,13.10899993404746,20.949918247024712,1,1,-5.684341886080802e-14,0.49990019761025906,1.0,True
1,76,20260302,20.938906044090235,1,20.938906044090235,1,14.017799869179726,20.938906044090235,1,1,0.0,0.5131000652909279,1.0,True
1,77,20260303,20.951693743619096,1,20.951693743619096,1,13.879300095140934,20.951693743619096,1,1,5.684341886080802e-14,0.5795999895781279,1.0,True
1,78,20260304,20.942076412216743,1,20.942076412216743,1,12.496199924498796,20.942076412216743,1,1,0.0,0.494200037792325,1.0,True
1,79,20260305,20.94529763082444,1,20.94529763082444,1,14.678299892693758,20.94529763082444,1,1,5.684341886080802e-14,0.7957001216709614,1.0,True
1,80,20260306,20.953615253327296,1,20.953615253327296,1,14.163199812173843,20.953615253327296,1,1,5.684341886080802e-14,0.9472998790442944,1.0,True
1,81,20260307,20.94603030520588,1,20.94603030520588,1,14.296399895101786,20.94603030520588,1,1,0.0,0.4960000514984131,1.0,True
1,82,20260308,20.94943306739872,1,20.94943306739872,1,12.971499934792519,20.94943306739872,1,1,0.0,0.49700005911290646,1.0,True
1,83,20260309,20.950520446801022,1,20.950520446801022,1,14.07509995624423,20.950520446801022,1,1,0.0,0.4989001899957657,1.0,True
1,84,20260310,20.942195096073117,1,20.942195096073117,1,11.948800180107355,20.942195096073117,1,1,0.0,0.4865999799221754,1.0,True
1,85,20260311,20.950984260359895,1,20.950984260359895,1,13.794099912047386,20.950984260359895,1,1,0.0,0.5233997944742441,1.0,True
1,86,20260312,20.95401885464718,1,20.95401885464718,1,13.981900177896023,20.95401885464718,1,1,5.684341886080802e-14,1.2162001803517342,1.0,True
1,87,20260313,20.94754186505175,1,20.94754186505175,1,13.087400002405047,20.94754186505175,1,1,-5.684341886080802e-14,1.142800087109208,1.0,True
1,88,20260314,20.94938101103465,1,20.94938101103465,1,14.032100094482303,20.94938101103465,1,1,0.0,0.5914999637752771,1.0,True
1,89,20260315,20.948910616834215,1,20.948910616834215,1,13.775700004771352,20.948910616834215,1,1,0.0,0.5049000028520823,1.0,True
1,90,20260316,20.944625657457795,1,20.944625657457795,1,13.962100027129054,20.944625657457795,1,1,0.0,0.5101999267935753,1.0,True
1,91,20260317,20.9473336981362,1,20.9473336981362,1,14.593299943953753,20.9473336981362,1,1,0.0,1.0494000744074583,1.0,True
1,92,20260318,20.953407114037613,1,20.953407114037613,1,12.98650004900992,20.953407114037613,1,1,0.0,0.768299913033843,1.0,True
1,93,20260319,20.94311607649847,1,20.94311607649847,1,13.969799969345331,20.94311607649847,1,1,0.0,0.5189001094549894,1.0,True
1,94,20260320,20.953488237855655,1,20.953488237855655,1,14.055199921131134,20.953488237855655,1,1,0.0,0.5917998496443033,1.0,True
1,95,20260321,20.948348761807395,1,20.948348761807395,1,13.725799974054098,20.948348761807395,1,1,0.0,0.5107000470161438,1.0,True
1,96,20260322,20.943219908021906,1,20.943219908021906,1,14.376100152730942,20.943219908021906,1,1,0.0,0.49709994345903397,1.0,True
1,97,20260323,20.943494068241,1,20.943494068241,1,14.107099967077374,20.943494068241,1,1,0.0,0.9975000284612179,1.0,True
1,98,20260324,20.948604551835164,1,20.948604551835164,1,13.695399975404143,20.948604551835164,1,1,0.0,0.53060008212924,1.0,True
1,99,20260325,20.922264397134306,1,20.922264397134306,1,12.799599906429648,20.922264397134306,1,1,0.0,0.5097999237477779,1.0,True
1,100,20260326,20.94247393430334,1,20.94247393430334,1,14.562299940735102,20.94247393430334,1,1,0.0,0.571100041270256,1.0,True
1,101,20260327,20.946731984898065,1,20.946731984898065,1,14.057899825274944,20.946731984898065,1,1,5.684341886080802e-14,0.4897001199424267,1.0,True
1,102,20260328,20.948641320115204,1,20.948641320115204,1,13.54609988629818,20.948641320115204,1,1,-5.684341886080802e-14,0.5783000960946083,1.0,True
1,103,20260329,20.942712529417005,1,20.942712529417005,1,15.0521001778543,20.942712529417005,1,1,0.0,1.0101001244038343,1.0,True
1,104,20260330,20.935536990976477,1,20.935536990976477,1,15.970600070431828,20.935536990976477,1,1,0.0,0.5018000956624746,1.0,True
1,105,20260331,20.942624342587607,1,20.942624342587607,1,14.52750014141202,20.942624342587607,1,1,0.0,0.4724001046270132,1.0,True
1,106,20260332,20.952033534604926,1,20.952033534604926,1,13.266999972984195,20.952033534604926,1,1,0.0,0.39379997178912163,1.0,True
1,107,20260333,20.948879781425994,1,20.948879781425994,1,13.761400012299418,20.948879781425994,1,1,0.0,0.4241999704390764,1.0,True
1,108,20260334,20.94797900889613,1,20.94797900889613,1,13.008000096306205,20.94797900889613,1,1,0.0,0.3869000356644392,1.0,True
1,109,20260335,20.953162541152103,1,20.953162541152103,1,13.73620005324483,20.953162541152103,1,1,0.0,0.39579998701810837,1.0,True
1,110,20260336,20.941513981623977,1,20.941513981623977,1,12.475700117647648,20.941513981623977,1,1,0.0,0.3975001163780689,1.0,True
1,111,20260337,20.950780928015277,1,20.950780928015277,1,13.686400139704347,20.950780928015277,1,1,5.684341886080802e-14,0.4656999371945858,1.0,True
1,112,20260338,20.94853132291002,1,20.94853132291002,1,14.009000035002828,20.94853132291002,1,1,-5.684341886080802e-14,0.42709987610578537,1.0,True
1,113,20260339,20.94970682764723,1,20.94970682764723,1,13.659900054335594,20.94970682764723,1,1,0.0,0.39490009658038616,1.0,True
1,114,20260340,20.95098839634239,1,20.95098839634239,1,15.150699997320771,20.95098839634239,1,1,0.0,0.41239988058805466,1.0,True
1,115,20260341,20.941267449279138,1,20.941267449279138,1,14.401799999177456,20.941267449279138,1,1,0.0,0.4530001897364855,1.0,True
1,116,20260342,20.94624984330867,1,20.94624984330867,1,13.860699953511357,20.94624984330867,1,1,0.0,0.42619998566806316,1.0,True
1,117,20260343,20.946501531448604,1,20.946501531448604,1,14.028500067070127,20.946501531448604,1,1,0.0,0.43819984421133995,1.0,True
1,118,20260344,20.955206679838735,1,20.955206679838735,1,13.622700003907084,20.955206679838735,1,1,0.0,0.4487999249249697,1.0,True
1,119,20260345,20.94691517899308,1,20.94691517899308,1,13.464600080624223,20.94691517899308,1,1,0.0,0.3937000874429941,1.0,True
1,120,20260346,20.95180812997523,1,20.95180812997523,1,13.661299832165241,20.95180812997523,1,1,0.0,0.43489993549883366,1.0,True
1,121,20260347,20.954681947665293,1,20.954681947665293,1,13.441900024190545,20.954681947665293,1,1,0.0,0.4140001256018877,1.0,True
1,122,20260348,20.950000645490334,1,20.950000645490334,1,13.041500002145767,20.950000645490334,1,1,0.0,0.44320011511445045,1.0,True
1,123,20260349,20.94355489300562,1,20.94355489300562,1,13.884400017559528,20.94355489300562,1,1,-5.684341886080802e-14,0.42310007847845554,1.0,True
1,124,20260350,20.95460698079824,1,20.95460698079824,1,13.686500024050474,20.95460698079824,1,1,0.0,0.3932998515665531,1.0,True
1,125,20260351,20.952274648426556,1,20.952274648426556,1,13.586799846962094,20.952274648426556,1,1,0.0,0.37940009497106075,1.0,True
1,126,20260352,20.95059182165476,1,20.95059182165476,1,13.233600184321404,20.95059182165476,1,1,0.0,0.39909989573061466,1.0,True
1,127,20260353,20.950152284767952,1,20.950152284767952,1,12.835799949243665,20.950152284767952,1,1,0.0,0.37340004928410053,1.0,True
1,128,20260354,20.950799096296656,1,20.950799096296656,1,14.046800090000033,20.950799096296656,1,1,0.0,0.5389999132603407,1.0,True
1,129,20260355,20.953624945843647,1,20.953624945843647,1,13.611099915578961,20.953624945843647,1,1,0.0,0.4159000236541033,1.0,True
1,130,20260356,20.954037388118973,1,20.954037388118973,1,13.328599976375699,20.954037388118973,1,1,0.0,0.39760000072419643,1.0,True
1,131,20260357,20.952822094735527,1,20.952822094735527,1,13.338600052520633,20.952822094735527,1,1,0.0,0.48159994184970856,1.0,True
1,132,20260358,20.953996207340932,1,20.953996207340932,1,13.262999942526221,20.953996207340932,1,1,0.0,0.5055998917669058,1.0,True
1,133,20260359,20.954071130481758,1,20.954071130481758,1,13.677499955520034,20.954071130481758,1,1,0.0,0.4563999827951193,1.0,True
1,134,20260360,20.935476597643607,1,20.935476597643607,1,13.325500069186091,20.935476597643607,1,1,0.0,0.4284000024199486,1.0,True
1,135,20260361,20.956578790177954,1,20.956578790177954,1,12.557500042021275,20.956578790177954,1,1,0.0,0.3988000098615885,1.0,True
1,136,20260362,20.951199863325982,1,20.951199863325982,1,10.613800026476383,20.951199863325982,1,1,0.0,0.3741001710295677,1.0,True
1,137,20260363,20.936142006574435,1,20.936142006574435,1,12.654900085180998,20.936142006574435,1,1,0.0,0.44269999489188194,1.0,True
1,138,20260364,20.933733192506068,1,20.933733192506068,1,11.437800014391541,20.933733192506068,1,1,0.0,0.43729995377361774,1.0,True
1,139,20260365,20.947843353983824,1,20.947843353983824,1,12.811599997803569,20.947843353983824,1,1,0.0,0.44410000555217266,1.0,True
1,140,20260366,20.942091173291786,1,20.942091173291786,1,13.279099948704243,20.942091173291786,1,1,0.0,0.37839985452592373,1.0,True
1,141,20260367,20.94651529438918,1,20.94651529438918,1,12.094100005924702,20.94651529438918,1,1,0.0,0.359400175511837,1.0,True
1,142,20260368,20.938451337673044,1,20.938451337673044,1,12.391499942168593,20.938451337673044,1,1,5.684341886080802e-14,0.39270007982850075,1.0,True
1,143,20260369,20.947896921882847,1,20.947896921882847,1,12.36519985832274,20.947896921882847,1,1,0.0,0.35479990765452385,1.0,True
1,144,20260370,20.9475334285068,1,20.9475334285068,1,11.985199991613626,20.9475334285068,1,1,0.0,0.38320012390613556,1.0,True
1,145,20260371,20.942684967512022,1,20.942684967512022,1,12.677300022915006,20.942684967512022,1,1,0.0,0.37080002948641777,1.0,True
1,146,20260372,20.943985409031008,1,20.943985409031008,1,12.179199839010835,20.943985409031008,1,1,0.0,0.38029998540878296,1.0,True
1,147,20260373,20.945694980585,1,20.945694980585,1,12.170099886134267,20.945694980585,1,1,0.0,0.3651001024991274,1.0,True
1,148,20260374,20.94768143058867,1,20.94768143058867,1,13.103700010105968,20.94768143058867,1,1,5.684341886080802e-14,0.38590002804994583,1.0,True
1,149,20260375,20.94773899659942,1,20.94773899659942,1,10.829299921169877,20.94773899659942,1,1,0.0,0.3887999337166548,1.0,True
1,150,20260376,20.947814855281006,1,20.947814855281006,1,12.55039987154305,20.947814855281006,1,1,0.0,0.47699990682303905,1.0,True
1,151,20260377,20.955150401285678,1,20.955150401285678,1,12.332799844443798,20.955150401285678,1,1,0.0,0.4104999825358391,1.0,True
1,152,20260378,20.953161225014778,1,20.953161225014778,1,11.197200044989586,20.953161225014778,1,1,0.0,0.37100003100931644,1.0,True
1,153,20260379,20.938138168173957,1,20.938138168173957,1,11.901899939402938,20.938138168173957,1,1,0.0,0.3945999778807163,1.0,True
1,154,20260380,20.952155162138805,1,20.952155162138805,1,13.066899962723255,20.952155162138805,1,1,0.0,0.3728000447154045,1.0,True
1,155,20260381,20.951296330077863,1,20.951296330077863,1,13.420300092548132,20.951296330077863,1,1,0.0,0.38790004327893257,1.0,True
1,156,20260382,20.946819764011693,1,20.946819764011693,1,12.264500139281154,20.946819764011693,1,1,0.0,0.3776000812649727,1.0,True
1,157,20260383,20.95010802579843,1,20.95010802579843,1,14.223499922081828,20.95010802579843,1,1,-5.684341886080802e-14,0.4330000374466181,1.0,True
1,158,20260384,20.954530212573353,1,20.954530212573353,1,12.073300080373883,20.954530212573353,1,1,0.0,0.38849981501698494,1.0,True
1,159,20260385,20.95452485739335,1,20.95452485739335,1,12.958699837327003,20.95452485739335,1,1,-5.684341886080802e-14,0.37340004928410053,1.0,True
1,160,20260386,20.946750685139193,1,20.946750685139193,1,12.556900037452579,20.946750685139193,1,1,-5.684341886080802e-14,0.47120009548962116,1.0,True
1,161,20260387,20.940459075019483,1,20.940459075019483,1,12.997400015592575,20.940459075019483,1,1,0.0,0.42259995825588703,1.0,True
1,162,20260388,20.947144949623276,1,20.947144949623276,1,12.429200112819672,20.947144949623276,1,1,5.684341886080802e-14,0.38650003261864185,1.0,True
1,163,20260389,20.948475654971922,1,20.948475654971922,1,12.47820002026856,20.948475654971922,1,1,0.0,0.4775999113917351,1.0,True
1,164,20260390,20.952387875350897,1,20.952387875350897,1,12.999700149521232,20.952387875350897,1,1,-5.684341886080802e-14,0.43160002678632736,1.0,True
1,165,20260391,20.943732359555742,1,20.943732359555742,1,10.933599900454283,20.943732359555742,1,1,0.0,0.39379997178912163,1.0,True
1,166,20260392,20.95210168489778,1,20.95210168489778,1,12.318799970671535,20.95210168489778,1,1,0.0,0.46559982001781464,1.0,True
1,167,20260393,20.954562469380658,1,20.954562469380658,1,12.302099959924817,20.954562469380658,1,1,0.0,0.3940998576581478,1.0,True
1,168,20260394,20.95556260856834,1,20.95556260856834,1,12.681399937719107,20.95556260856834,1,1,0.0,0.38739992305636406,1.0,True
1,169,20260395,20.941925438837412,1,20.941925438837412,1,13.421999989077449,20.941925438837412,1,1,0.0,0.4317001439630985,1.0,True
1,170,20260396,20.94436015509942,1,20.94436015509942,1,13.098999857902527,20.94436015509942,1,1,5.684341886080802e-14,0.3958998713642359,1.0,True
1,171,20260397,20.932014912345725,1,20.932014912345725,1,13.50319990888238,20.932014912345725,1,1,5.684341886080802e-14,0.3900001756846905,1.0,True
1,172,20260398,20.94227102453016,1,20.94227102453016,1,13.738999841734767,20.94227102453016,1,1,0.0,0.40689995512366295,1.0,True
1,173,20260399,20.949181233111453,1,20.949181233111453,1,13.31799989566207,20.949181233111453,1,1,0.0,0.4072000738233328,1.0,True
1,174,20260400,20.95645335391707,1,20.95645335391707,1,12.940900167450309,20.95645335391707,1,1,0.0,0.4050999414175749,1.0,True
1,175,20260401,20.950511357516067,1,20.950511357516067,1,12.90039997547865,20.950511357516067,1,1,-5.684341886080802e-14,0.41140010580420494,1.0,True
1,176,20260402,20.951078179131187,1,20.951078179131187,1,13.381199911236763,20.951078179131187,1,1,-5.684341886080802e-14,0.39279996417462826,1.0,True
1,177,20260403,20.953497669257224,1,20.953497669257224,1,13.264399953186512,20.953497669257224,1,1,5.684341886080802e-14,0.3714999184012413,1.0,True
1,178,20260404,20.955264105438033,1,20.955264105438033,1,13.989000115543604,20.955264105438033,1,1,0.0,0.48990012146532536,1.0,True
1,179,20260405,20.948921721401554,1,20.948921721401554,1,13.794699916616082,20.948921721401554,1,1,0.0,0.42070006020367146,1.0,True
1,180,20260406,20.948710357732665,1,20.948710357732665,1,12.841999996453524,20.948710357732665,1,1,0.0,0.3899000585079193,1.0,True
1,181,20260407,20.952675626819055,1,20.952675626819055,1,13.241700129583478,20.952675626819055,1,1,0.0,0.399900134652853,1.0,True
1,182,20260408,20.946956321581663,1,20.946956321581663,1,13.07540014386177,20.946956321581663,1,1,0.0,0.3793998621404171,1.0,True
1,183,20260409,20.94877443159953,1,20.94877443159953,1,12.620100053027272,20.94877443159953,1,1,0.0,0.4009001422673464,1.0,True
1,184,20260410,20.949228515098408,1,20.949228515098408,1,12.396700214594603,20.949228515098408,1,1,0.0,0.40520005859434605,1.0,True
1,185,20260411,20.94969232067421,1,20.94969232067421,1,13.876399956643581,20.94969232067421,1,1,0.0,0.4211000632494688,1.0,True
1,186,20260412,20.944657708460436,1,20.944657708460436,1,12.979699997231364,20.944657708460436,1,1,-5.684341886080802e-14,0.41390000842511654,1.0,True
1,187,20260413,20.948410662993883,1,20.948410662993883,1,11.181000154465437,20.948410662993883,1,1,5.684341886080802e-14,0.3730000462383032,1.0,True
1,188,20260414,20.95521625445526,1,20.95521625445526,1,10.871800128370523,20.95521625445526,1,1,5.684341886080802e-14,0.45679998584091663,1.0,True
1,189,20260415,20.945479370301427,1,20.945479370301427,1,11.618699878454208,20.945479370301427,1,1,0.0,0.3643999807536602,1.0,True
1,190,20260416,20.948135671255958,1,20.948135671255958,1,11.102000018581748,20.948135671255958,1,1,0.0,0.3847000189125538,1.0,True
1,191,20260417,20.934736148576334,1,20.934736148576334,1,10.408200090751052,20.934736148576334,1,1,0.0,0.376800075173378,1.0,True
1,192,20260418,20.94163234104061,1,20.94163234104061,1,11.78609998896718,20.94163234104061,1,1,0.0,0.38780015893280506,1.0,True
1,193,20260419,20.951535761883274,1,20.951535761883274,1,11.15339994430542,20.951535761883274,1,1,5.684341886080802e-14,0.38989982567727566,1.0,True
1,194,20260420,20.954213897729637,1,20.954213897729637,1,11.691199848428369,20.954213897729637,1,1,0.0,0.45650009997189045,1.0,True
1,195,20260421,20.940735988404754,1,20.940735988404754,1,11.886600172147155,20.940735988404754,1,1,0.0,0.4851000849157572,1.0,True
1,196,20260422,20.939750080784044,1,20.939750080784044,1,11.355099966749549,20.939750080784044,1,1,0.0,0.44160010293126106,1.0,True
1,197,20260423,20.95489507690827,1,20.95489507690827,1,12.535399990156293,20.95489507690827,1,1,0.0,0.3995997831225395,1.0,True
1,198,20260424,20.946074754015495,1,20.946074754015495,1,12.816400034353137,20.946074754015495,1,1,0.0,0.3714999184012413,1.0,True
1,199,20260425,20.94495408007665,1,20.94495408007665,1,14.243199955672026,20.94495408007665,1,1,5.684341886080802e-14,0.3770999610424042,1.0,True
10,0,20260235,21.417186961289026,4,3.3749956277410407,25,1021.8348000198603,23.134925753793354,10,6,0.0,3.122899914160371,0.9257512727386784,True
10,1,20260236,21.249639696946982,3,4.489842092044988,25,1018.1378000415862,23.123558369357863,10,6,0.0,3.5502000246196985,0.9189606269727889,True
10,2,20260237,21.217165488177983,5,2.788929241677337,25,1019.6495000272989,23.138376296309037,10,6,0.0,3.135999897494912,0.9169686418991501,True
10,3,20260238,21.478550500025886,5,2.534066953092388,25,1059.1130999382585,23.14128408332896,10,6,0.0,3.3318998757749796,0.9281486032790673,True
10,4,20260239,21.15244830240523,4,2.7870416608507544,25,999.7493999544531,23.14276091311968,10,6,0.0,3.0433000065386295,0.9139984802078589,True
10,5,20260240,21.37240873176484,5,2.5356091569705077,25,1058.742699911818,23.127491169550957,10,6,1.1368683772161603e-13,1.2048999778926373,0.9241127182832173,True
10,6,20260241,21.58660782638179,5,2.534797656818132,25,1038.9747000299394,23.144167222668813,10,6,0.0,2.5716000236570835,0.932701860416846,True
10,7,20260242,21.281600024664787,4,4.080686409493603,25,1023.8237001467496,23.12434793256687,10,6,0.0,2.3990999907255173,0.9203113569612541,True
10,8,20260243,21.210205848630938,4,3.7103931788786304,25,1034.8505999427289,23.13657057606075,10,6,0.0,2.5557999033480883,0.9167394008936222,True
10,9,20260244,21.107742799173018,2,8.749268867996626,25,1092.4454000778496,23.13214056176413,10,7,0.0,3.2291000243276358,0.9124854979509633,True
10,10,20260245,21.032099961198476,5,2.7884858099498224,25,1056.521800113842,23.126382834417342,10,7,0.0,3.266399959102273,0.9094418315127909,True
10,11,20260246,21.47870791033817,5,2.0949792475402296,25,1046.9259999226779,23.125495520021097,10,6,0.0,3.1866999343037605,0.9287890887242953,True
10,12,20260247,21.321629919440163,5,2.535282605277185,25,1041.6878999676555,23.138623258844618,10,6,0.0,3.278600051999092,0.9214735760603251,True
10,13,20260248,21.640694796831887,7,2.3051981571932565,25,1022.2918998915702,23.138270703638554,10,6,0.0,1.4114000368863344,0.9352771032032584,True
10,14,20260249,21.32429535839683,5,2.788178650139802,25,1006.5617000218481,23.124599435742958,10,7,0.0,3.2034001778811216,0.9221476643369029,True
10,15,20260250,21.316336389038895,5,2.304677678787931,25,1058.5626000538468,23.13165857742412,10,7,0.0,3.1081000342965126,0.9215221778278826,True
10,16,20260251,20.82588297030563,3,4.9399504513274906,25,1008.3515997976065,23.134832790578493,10,6,0.0,3.142600180581212,0.9001959581392278,True
10,17,20260252,21.499769882340114,6,2.0945999845989958,25,1063.8181001413614,23.13385437274127,10,6,0.0,2.6348999235779047,0.9293639328720508,True
10,18,20260253,21.45908685045752,5,2.534183377848139,25,1059.5959001220763,23.12858301824621,10,6,-1.1368683772161603e-13,1.8412999343127012,0.9278167552905588,True
10,19,20260254,21.153257009200306,5,3.067251724377667,25,1059.6478001680225,23.146769683202717,10,6,0.0,1.6348999924957752,0.9138751237737905,True
10,20,20260255,21.643628632927673,6,2.3043169070765623,25,1008.2381998654455,23.129285782447077,10,6,0.0,2.5744999293237925,0.9357672708317316,True
10,21,20260256,21.08644581092379,5,3.374114240801876,25,962.0937001891434,23.13587120807071,10,6,0.0,2.3694001138210297,0.9114178420723574,True
10,22,20260257,21.162497545053522,4,3.7124503273382468,25,1034.763100091368,23.129352053751184,10,7,0.0,3.465200075879693,0.9149628357886199,True
10,23,20260258,21.296822507535147,5,2.534484008365305,25,1055.4796000942588,23.13263514605587,10,7,0.0,3.063800046220422,0.9206397097896679,True
10,24,20260259,21.245335422904617,4,4.940682389020287,25,1079.4603000395,23.128859769421247,10,6,0.0,3.5119999665766954,0.9185638909442979,True
10,25,20260260,21.517428285542298,5,2.3044638734298792,25,1067.4235001206398,23.129611034172115,10,6,0.0,2.9847000259906054,0.9302978875758893,True
10,26,20260261,21.589200532118106,5,2.0948268556337903,25,1032.8791998326778,23.134786625316455,10,6,0.0,3.0620000325143337,0.9331921180761179,True
10,27,20260262,21.28675397232367,4,3.067299496772146,25,1014.8358999285847,23.12984655331673,10,7,0.0,3.916200017556548,0.9203153995533633,True
10,28,20260263,21.33372818260797,5,2.535294954494605,25,1050.0050999689847,23.129247681631945,10,6,0.0,3.3406000584363937,0.9223701728764017,True
10,29,20260264,21.517989332232602,6,2.0951409155942557,25,1007.3921999428421,23.113642185664652,10,7,0.0,2.410599961876869,0.9309648890203167,True
10,30,20260265,21.46082027790423,4,3.3747028327872153,25,1093.4115999843925,23.13254376763176,10,6,0.0,3.37380007840693,0.9277328292763596,True
10,31,20260266,21.31200337550108,5,2.535672376574216,25,1021.1638000328094,23.142885614347286,10,5,0.0,2.6918998919427395,0.9208879018219249,True
10,32,20260267,21.329966049075576,4,3.7105920113974085,25,1067.1679999213666,23.140146627684242,10,6,0.0,3.5894999746233225,0.9217731586694867,True
10,33,20260268,21.300377412324476,4,4.0830362865264185,25,1182.0483000483364,23.122588816776034,10,7,0.0,3.7211000453680754,0.9211934520441978,True
10,34,20260269,21.541726240832713,5,2.5357133841161352,25,1171.7087998986244,23.124812080865624,10,6,0.0,2.993999980390072,0.9315416776362555,True
10,35,20260270,21.26044466007222,5,2.534582334640607,25,1101.103400113061,23.133364902914945,10,6,0.0,3.2785998191684484,0.9190381403352729,True
10,36,20260271,21.35746000337798,4,4.489698120149939,25,1076.8284001387656,23.13962574391502,10,6,0.0,3.4719998948276043,0.9229820844874429,True
10,37,20260272,21.089928025619695,5,2.5351598529678037,25,1111.380900023505,23.12660791477619,10,7,0.0,3.7529999390244484,0.911933479537429,True
10,38,20260273,21.322853471260483,6,2.535181918440705,25,1235.712300054729,23.114109567636323,10,6,0.0,3.5226999316364527,0.9225037810288871,True
10,39,20260274,21.2735419849698,6,2.304795182379274,25,1197.3121999762952,23.140645973975527,10,6,0.0,2.7654001023620367,0.9193149581431084,True
10,40,20260275,21.239617077202364,4,3.068142364593374,25,1083.5798000916839,23.140578569243775,10,6,0.0,2.0139000844210386,0.9178516005400148,True
10,41,20260276,21.033697004570985,4,4.940858066060469,25,1130.8520999737084,23.134627517679355,10,6,0.0,3.4537999890744686,0.90918675861529,True
10,42,20260277,21.451212407632543,5,2.0951873293801393,25,1104.3878998607397,23.133544250608782,10,6,0.0,2.5096999015659094,0.9272773845308219,True
10,43,20260278,21.3366518384225,5,3.3742371803413485,25,1098.578799981624,23.133287069444645,10,7,0.0,3.4966999664902687,0.9223354975179809,True
10,44,20260279,21.124054544490626,4,2.7878169529561867,25,1143.908599857241,23.133977546522047,10,6,0.0,3.3851999323815107,0.9131181398447586,True
10,45,20260280,21.53225649183404,7,2.303819643670943,25,1122.7984998840839,23.123968527590186,10,6,-1.1368683772161603e-13,3.509699832648039,0.9311661389844478,True
10,46,20260281,21.464709969065915,7,2.094724470366436,25,1096.300199860707,23.124280601930217,10,6,0.0,3.2577000092715025,0.9282325508225421,True
10,47,20260282,21.305770808932866,5,2.3052017644585843,25,1096.5432000812143,23.129424874585755,10,6,0.0,3.5029000137001276,0.9211543704376026,True
10,48,20260283,21.369490151039845,4,3.374969575985006,25,1316.3714001420885,23.13298538359082,10,7,0.0,3.498000092804432,0.9237670709893806,True
10,49,20260284,21.4747642328084,5,2.3042862800043453,25,1115.2189997956157,23.13520725095442,10,6,0.0,3.3102999441325665,0.9282287381247679,True
10,50,20260285,21.38013812946128,5,2.304965366906679,25,1183.3955999463797,23.140399662852708,10,6,0.0,3.800000064074993,0.9239312389138561,True
10,51,20260286,21.08769465940631,4,4.938606952410499,25,1084.3440999742597,23.131277707581525,10,6,0.0,3.598000155761838,0.9116528246295098,True
10,52,20260287,21.369633500123022,6,2.5348099782708076,25,1130.9389998205006,23.133360773597538,10,6,0.0,3.0308000277727842,0.9237582774618945,True
10,53,20260288,21.044289914443684,4,3.709377718144721,25,1043.3563999831676,23.13200929021542,10,6,0.0,3.148899879306555,0.9097475991134579,True
10,54,20260289,21.25538423813486,5,2.093527066219657,25,1089.687000028789,23.136427622450388,10,7,0.0,3.6903999280184507,0.9186977603020156,True
10,55,20260290,21.2958526641884,5,2.788108549495411,25,1114.0274000354111,23.132220782892016,10,6,0.0,3.382400143891573,0.920614274957044,True
10,56,20260291,21.153039396288893,4,3.7117076508556783,25,1092.1650999225676,23.1205606032521,10,7,0.0,4.16040001437068,0.9149016652006934,True
10,57,20260292,21.605825305847084,6,2.0946766552783487,25,1115.3426000382751,23.137871642640288,10,5,1.1368683772161603e-13,3.0754997860640287,0.9337862029638963,True
10,58,20260293,21.22666979433309,4,3.3721038727413966,25,1052.2606000304222,23.1391017152607,10,6,-1.1368683772161603e-13,2.896699821576476,0.9173506411587999,True
10,59,20260294,21.532611028734465,7,2.094401129159521,25,1173.8879000768065,23.123265899044355,10,6,0.0,3.562099998816848,0.9312097660747988,True
10,60,20260295,21.47511109568669,7,2.0949479833307367,25,1602.0039999857545,23.133584846633244,10,6,0.0,3.4030999522656202,0.9283088305620768,True
10,61,20260296,21.115385385141934,3,6.576356091760262,25,1288.2445000577718,23.12394008919649,10,6,0.0,3.1642999965697527,0.9131395992072755,True
10,62,20260297,21.263437968730482,4,3.0680327901733855,25,1544.2431000992656,23.136475577482194,10,6,0.0,3.7966000381857157,0.9190439528060763,True
10,63,20260298,21.32586198317516,6,2.095167659115522,25,1511.3175997976214,23.12866628207976,10,6,0.0,2.9747001826763153,0.9220532530100352,True
10,64,20260299,21.083901935984525,6,2.535201622504248,25,1407.979799900204,23.119401869294688,10,6,0.0,2.97949998639524,0.9119570677123119,True
10,65,20260300,21.486315468978002,5,2.7889718925798475,25,1412.575599970296,23.122509367155622,10,6,1.1368683772161603e-13,3.880700096487999,0.9292380479905112,True
10,66,20260301,21.28956577876706,5,3.711405811961736,25,1455.4910999722779,23.126446150445172,10,7,0.0,4.631899995729327,0.9205723023879847,True
10,67,20260302,21.52657040802236,6,2.5336076313349185,25,1258.659599814564,23.130237956945415,10,6,0.0,4.014299949631095,0.9306679182502091,True
10,68,20260303,21.14703325545045,6,2.7886704372757025,25,1332.3059999383986,23.126920812611388,10,6,0.0,2.520299982279539,0.9143903516943214,True
10,69,20260304,21.22617217164005,5,2.7873903704660488,25,1328.1515000853688,23.138884767511808,10,6,0.0,2.2414999548345804,0.9173377362353563,True
10,70,20260305,21.448435717100875,6,2.094529763082444,25,1580.9567000251263,23.14126230252696,10,6,0.0,4.053400130942464,0.9268481311306327,True
10,71,20260306,21.475403522510863,6,2.7889261902178637,25,1396.340399980545,23.130304323653398,10,6,-1.1368683772161603e-13,1.9225000869482756,0.9284531332581644,True
10,72,20260307,21.405207605640392,6,2.094603030520588,25,1434.481600066647,23.117510493137328,10,6,0.0,3.9428998716175556,0.9259304807926766,True
10,73,20260308,21.278383265725136,4,4.49069702991199,25,1343.4285998810083,23.13644673341776,10,6,0.0,2.671500202268362,0.9196910619378351,True
10,74,20260309,21.22762774451498,4,3.711512495325528,25,1202.484699897468,23.14194579721166,10,6,0.0,1.6598999500274658,0.9172792958089405,True
10,75,20260310,21.582657022175546,5,2.5340056066248478,25,1169.3900001700968,23.129025119529803,10,7,0.0,3.3119998406618834,0.9331416655322612,True
10,76,20260311,21.131342727496914,4,2.5350690955035478,25,1259.53199993819,23.1322883676685,10,6,0.0,2.6861000806093216,0.9134998834370288,True
10,77,20260312,21.514064293282097,7,2.30494207401119,25,1346.814800053835,23.132075010416422,10,6,0.0,3.1651000026613474,0.9300533689085078,True
10,78,20260313,21.080186272524784,2,9.625338900049975,25,1184.7410998307168,23.13536302667249,10,7,0.0,4.9374999944120646,0.9111673003886597,True
10,79,20260314,21.46946576722261,5,3.373918761208143,25,1072.2393000032753,23.12980568649408,10,6,0.0,3.383199917152524,0.9282164345962934,True
10,80,20260315,21.59259955483896,5,2.5348181846369404,25,1286.9016998447478,23.10972804206061,10,6,0.0,3.9833001792430878,0.9343510886644613,True
10,81,20260316,21.433485941652094,5,3.3731529067592376,25,1296.0934999864548,23.143207120793264,10,7,0.0,6.723599974066019,0.9261242761118854,True
10,82,20260317,21.522348495814416,5,2.3042067067949827,25,1735.276299994439,23.122027153804165,10,6,0.0,4.268399905413389,0.9308158126729575,True
10,83,20260318,21.190857030959155,6,2.304874782544138,25,1180.1684000529349,23.128661520271557,10,7,0.0,2.919799881055951,0.9162163150853335,True
10,84,20260319,21.08056526275676,3,5.975315435585876,25,1250.7259999401867,23.129495083334515,10,7,0.0,3.996400162577629,0.9114148487377025,True
10,85,20260320,21.529039430017743,7,2.304883706164122,25,1370.4979000613093,23.136590463820095,10,7,0.0,3.988299984484911,0.9305191040868288,True
10,86,20260321,21.24340318221206,6,2.5347502001786952,25,1272.9823000263423,23.12852460173838,10,6,1.1368683772161603e-13,3.483699867501855,0.9184936587185232,True
10,87,20260322,21.332564171948263,7,2.5341296088706504,25,1260.1061000023037,23.137171797869733,10,6,0.0,3.3887000754475594,0.9220039665311375,True
10,88,20260323,21.680091060874464,8,2.0943494068241,25,1079.955699853599,23.138982434092608,10,6,0.0,2.5792999658733606,0.9369509278390463,True
10,89,20260324,21.348367881065943,3,4.490519430242895,25,1107.3326000478119,23.140787028275092,10,6,0.0,3.107900032773614,0.9225428614411844,True
10,90,20260325,21.15896929612115,7,2.301449083684774,25,1301.4962000306696,23.14026433756803,10,6,0.0,2.742700045928359,0.9143788933201483,True
10,91,20260326,21.58907432500326,5,2.3036721327733676,25,1442.1789001207799,23.12618189277159,10,6,0.0,3.3561999443918467,0.933533880564661,True
10,92,20260327,21.55100473267358,6,2.5345545701726664,25,1275.3502000123262,23.13967396737534,10,6,0.0,2.4403000716120005,0.9313443552860067,True
10,93,20260328,21.308384205929556,5,2.3043505452126722,25,1167.5096000544727,23.13055147809723,10,6,1.1368683772161603e-13,3.028100123628974,0.9212224890576811,True
10,94,20260329,21.425895244581238,5,2.5340682160594583,25,1191.8047999497503,23.13772772397413,10,6,0.0,3.5660001449286938,0.9260155318700902,True
10,95,20260330,21.442239990348234,6,2.7865199734989696,25,1419.7968000080436,23.111263901751094,10,7,0.0,4.346499918028712,0.9277830966537316,True
10,96,20260331,21.396903855829628,6,2.303688677684637,25,1311.5105000324547,23.12878265193837,10,6,0.0,2.8019000310450792,0.9251201923520347,True
10,97,20260332,21.2097695853755,5,3.7117805480598256,25,1110.567499883473,23.120568404943057,10,6,0.0,2.898799953982234,0.9173550240590522,True
10,98,20260333,21.10716255629672,3,5.9769598878676575,25,1066.140400012955,23.128115041149627,10,7,0.0,4.109800094738603,0.9126192306957476,True
10,99,20260334,21.413103935672194,4,3.0669936066924834,25,1091.511500068009,23.131134510233576,10,6,0.0,3.1161000952124596,0.9257264889536093,True
10,100,20260335,21.485426990252645,5,2.3048478795267315,25,1343.047099886462,23.12696636764649,10,6,0.0,4.0630002040416,0.9290205489428013,True
10,101,20260336,21.414199134314696,6,2.094151398162398,25,1264.6204000338912,23.13269774546652,10,6,0.0,4.783000098541379,0.9257112754396054,True
10,102,20260337,21.306271019258496,4,4.0827145052777265,25,1201.4939000364393,23.136798667989606,10,6,0.0,4.1519999504089355,0.9208824144170086,True
10,103,20260338,21.336681631013423,5,2.3043384455201026,25,1065.468399785459,23.110441818739844,10,6,-1.1368683772161603e-13,2.2576001938432455,0.9232485384036185,True
10,104,20260339,21.45359124746976,5,2.534914526145315,25,1055.8737001847476,23.128536522921404,10,6,1.1368683772161603e-13,2.4031999055296183,0.927581009123007,True
10,105,20260340,21.546413275110094,5,2.535069595957429,25,1064.7419998422265,23.138748195326457,10,6,0.0,3.708199830725789,0.9311831864552647,True
10,106,20260341,20.982573026744664,4,3.7098732703712414,25,1529.441200196743,23.12841655834717,10,6,0.0,3.528499975800514,0.9072204737324285,True
10,107,20260342,21.251782737690046,4,2.787945854144385,25,1471.5090999379754,23.129242606041505,10,6,0.0,2.6428999844938517,0.918827438479933,True
10,108,20260343,20.96134385751667,4,2.7879793538358104,25,1445.730600040406,23.144515209152246,10,6,0.0,2.785800024867058,0.9056721935237484,True
10,109,20260344,21.269815388897694,6,2.3050727347822613,25,1090.9311999566853,23.13022681473242,10,6,0.0,3.107300028204918,0.919567955786332,True
10,110,20260345,21.140101323889876,3,4.490157298170874,25,1168.9339000731707,23.13347418795723,10,6,0.0,2.481200033798814,0.9138316688677458,True
10,111,20260346,21.33806730973225,5,2.095180812997523,25,1069.4321000482887,23.12859583749301,10,6,0.0,2.21950002014637,0.9225837772279201,True
10,112,20260347,21.39299784440848,5,2.535516515667501,25,1062.1817999053746,23.131994778486124,10,6,0.0,3.3452999778091908,0.9248228719256415,True
10,113,20260348,21.308297927995845,5,2.788445085914764,25,1251.6222998965532,23.128967082602994,10,6,-1.1368683772161603e-13,3.0745998956263065,0.9212818649399779,True
10,114,20260349,21.648181440100853,5,2.3037910382306186,25,1295.601800084114,23.134909670603584,10,7,0.0,5.83299994468689,0.9357365880536873,True
10,115,20260350,21.095648783044275,2,9.628585301650036,25,1179.4515000656247,23.131966736224474,10,6,0.0,3.8822998758405447,0.9119695278658974,True
10,116,20260351,21.429989024087746,4,2.788747755705575,25,1143.5676000546664,23.12125852657083,10,7,0.0,3.895699977874756,0.9268521866774905,True
10,117,20260352,21.24467681481193,4,4.08267765379788,25,1041.2618999835104,23.11979757626452,10,6,1.1368683772161603e-13,3.172100055962801,0.9188954507379576,True
10,118,20260353,21.550112172982374,7,2.0950152284767953,25,1088.1694999989122,23.12857894554829,10,6,0.0,2.5673999916762114,0.9317525397352726,True
10,119,20260354,21.079961485673575,5,2.7885513597170855,25,1224.6606999542564,23.121156939921796,10,6,0.0,4.803200019523501,0.9117174171019176,True
10,120,20260355,21.012239820242037,3,5.978313738654982,25,1310.2241999004036,23.122522553747153,10,6,0.0,2.435700036585331,0.9087347529405639,True
10,121,20260356,21.514748200404824,6,3.0678806139945,25,1215.7677002251148,23.138962670213637,10,6,0.0,2.376199932768941,0.9298060810695012,True
10,122,20260357,21.37180604407011,5,3.06770268289023,25,1168.8775001093745,23.128686784700943,10,6,2.2737367544323206e-13,3.039600094780326,0.9240388891515896,True
10,123,20260358,21.44720074869292,6,2.3049395828075023,25,1186.879500048235,23.13319880373255,10,6,0.0,3.3563999459147453,0.9271178158565951,True
10,124,20260359,21.16796666102314,4,2.7889868674671225,25,1075.312800006941,23.14344182386119,10,6,-1.1368683772161603e-13,2.6052999310195446,0.9146421185805947,True
10,125,20260360,21.254521758497848,3,4.487705336672574,25,1095.6395999528468,23.110800241829075,10,6,0.0,1.9384999759495258,0.9196791775314002,True
10,126,20260361,21.582432640787005,6,2.3052236669195754,25,1072.138600051403,23.13045572875499,10,6,0.0,2.9366998933255672,0.9330742504116106,True
10,127,20260362,21.626190131120218,6,2.3046319849658583,25,1127.4793001357466,23.129492387295496,10,6,0.0,2.1174000576138496,0.9350049611550919,True
10,128,20260363,21.514804363615752,6,2.3029756207231884,25,1103.9559999480844,23.133086842621438,10,7,0.0,3.4954999573528767,0.9300446805903962,True
10,129,20260364,21.24503164321664,7,2.093373319250607,25,1114.2081001307815,23.13610176361524,10,6,0.0,2.625599969178438,0.9182632346745392,True
10,130,20260365,21.702248320400358,5,2.0947843353983826,25,1091.6242999956012,23.136088073844114,10,6,0.0,2.248399890959263,0.9380258344078165,True
10,131,20260366,21.533501692416838,6,2.0942091173291786,25,1040.9457001369447,23.127454659665748,10,6,0.0,3.1183999963104725,0.9310796198412287,True
10,132,20260367,21.316650742880615,3,4.939078737290119,25,1133.226300124079,23.13806691105236,10,6,0.0,4.798699868842959,0.9212805384661712,True
10,133,20260368,21.346329792328156,5,2.5335526118584384,25,1178.0463000759482,23.12138428503547,10,6,0.0,2.4582999758422375,0.9232288832353278,True
10,134,20260369,21.465191950427652,5,2.3042686614071135,25,1082.8993001487106,23.122050799837222,10,6,-1.1368683772161603e-13,3.302199998870492,0.9283429111131771,True
10,135,20260370,21.35959188526662,4,4.082081659495286,25,1160.9112999867648,23.126791677208775,10,6,-1.1368683772161603e-13,2.6219000574201345,0.9235864699000289,True
10,136,20260371,21.16624704256909,4,3.710124392373059,25,1041.252100141719,23.145115297020357,10,6,0.0,1.4915999490767717,0.9145016894901352,True
10,137,20260372,21.28525719541143,6,2.094398540903101,25,1066.100399941206,23.120994234936585,10,6,0.0,3.5939000081270933,0.9206030233444158,True
10,138,20260373,21.202459361455293,4,2.7878720019158645,25,1131.0672999825329,23.12890650083695,10,6,0.0,3.325599944218993,0.9167082482126016,True
10,139,20260374,21.364991578245775,5,2.304244957364754,25,1095.3140000347048,23.135955581919443,10,6,0.0,3.4121000207960606,0.9234540368387609,True
10,140,20260375,20.961947925588706,3,5.976634408642978,25,1099.4395001325756,23.12800885558924,10,6,0.0,3.1590000726282597,0.9063446860676434,True
10,141,20260376,21.126855185347118,6,2.7881541572379027,25,1031.5521000884473,23.117259549539302,10,6,0.0,3.49349994212389,0.9138996402265228,True
10,142,20260377,21.55281743011232,6,2.095515040128568,25,1041.9036999810487,23.129202417713397,10,6,0.0,3.1288000755012035,0.9318443861949252,True
10,143,20260378,21.35340297004357,5,2.095316122501478,25,1067.9860999807715,23.127326349395016,10,6,0.0,2.854200080037117,0.9232975159967919,True
10,144,20260379,21.34434818644771,5,3.0655528092023503,25,1137.0611998718232,23.124004814439058,10,6,0.0,1.9439999014139175,0.9230385635069538,True
10,145,20260380,21.282869104886757,4,4.491280535094451,25,1075.8609001059085,23.123541105447323,10,6,0.0,2.8595998883247375,0.9203983510930793,True
10,146,20260381,21.398639317030483,5,2.7886175415333643,25,1094.8010999709368,23.125983576353743,10,7,5.684341886080802e-14,3.4281001426279545,0.9253072089401004,True
10,147,20260382,21.490599927963327,6,3.066823881648953,25,1179.295000154525,23.13069548419028,10,7,0.0,3.9874000940471888,0.9290944123427698,True
10,148,20260383,21.542940587269413,5,2.3045118828378275,25,1124.2144000716507,23.126601169466717,10,7,0.0,3.7523999344557524,0.9315221216212195,True
10,149,20260384,21.093412989224806,5,2.789047971293514,25,1155.2707001101226,23.13093158912668,10,7,0.0,4.042699933052063,0.9119136818138504,True
10,150,20260385,20.99706839599381,5,2.7890472585190555,25,1049.0582999773324,23.130328869571436,10,6,0.0,1.4035999774932861,0.907772151204301,True
10,151,20260386,21.224141142365085,4,3.0668137678112304,25,1067.0649001840502,23.125931455970782,10,7,5.684341886080802e-14,3.1171999871730804,0.917763731280338,True
10,152,20260387,20.99221697325346,5,2.7871751028850937,25,1117.6519999280572,23.126415872299297,10,6,0.0,3.1487999949604273,0.9077159681452338,True
10,153,20260388,21.548848787903076,5,2.0947144949623278,25,1088.1624000612646,23.12844883968493,10,6,0.0,2.050100127235055,0.9317031564576221,True
10,154,20260389,21.162809534931114,6,2.304332322046912,25,1101.6252001281828,23.14333527849303,10,6,0.0,3.0255999881774187,0.9144234951561884,True
10,155,20260390,21.49122567669307,4,2.7887628262092052,25,1058.427199954167,23.13360552317724,10,6,0.0,2.745100064203143,0.9290045883751803,True
10,156,20260391,20.83545351486097,7,2.0943732359555742,25,1070.97759982571,23.136540921298312,10,6,0.0,2.769000129774213,0.9005431531764077,True
10,157,20260392,21.464699253478695,6,2.095210168489778,25,1087.08900003694,23.144838882134426,10,7,0.0,2.4791001342236996,0.9274075902099869,True
10,158,20260393,21.398623511541974,5,2.095456246938066,25,1083.9850998017937,23.1316388710951,10,5,0.0,1.3268000911921263,0.9250803036823011,True
10,159,20260394,21.53076195024661,5,2.789185383200447,25,1060.0769000593573,23.124257485417253,10,6,0.0,3.2766000367701054,0.9310898723483103,True
10,160,20260395,21.136943616842874,6,2.533972978099327,25,1151.0523001197726,23.135194164286894,10,6,0.0,2.828200114890933,0.9136272411091902,True
10,161,20260396,21.0810428982103,6,2.5342675787670306,25,1047.5890000816435,23.13427114703357,10,7,0.0,3.348700003698468,0.9112473336301088,True
10,162,20260397,21.345840086611215,6,2.0932014912345727,25,1149.240800179541,23.142739122267834,10,7,0.0,3.9549998473376036,0.9223558185501192,True
10,163,20260398,21.320185164227894,5,3.0661579007014614,25,1072.8635000996292,23.119060061021692,10,7,0.0,3.614499932155013,0.922190829036918,True
10,164,20260399,21.201062501301063,4,2.534850929206486,25,1035.6085000094026,23.123733121212073,10,6,0.0,2.9742999467998743,0.9168529315819128,True
10,165,20260400,21.31802483801998,5,2.535730855823966,25,1108.3821998909116,23.14106153158117,10,6,0.0,3.130699973553419,0.9212206971977821,True
10,166,20260401,21.541503226697895,7,2.0950511357516066,25,1099.869600031525,23.13254354406019,10,7,0.0,2.9881999362260103,0.9312206928593102,True
10,167,20260402,21.23577167863773,4,3.711611301009984,25,1122.010299935937,23.13399424601227,10,6,0.0,3.331699874252081,0.9179466136634944,True
10,168,20260403,21.684493542585457,5,2.0953497669257226,25,1069.324300158769,23.13227460889637,10,7,0.0,2.639099955558777,0.9374129396789145,True
10,169,20260404,21.134252350833577,4,4.083588149728332,25,1043.434599880129,23.135274796362783,10,6,0.0,1.6234999056905508,0.9135077295107903,True
10,170,20260405,21.376195879995887,5,2.094892172140155,25,1119.2167999688536,23.133481290047616,10,6,0.0,3.0758001375943422,0.9240371395892005,True
10,171,20260406,21.266857583616098,3,4.939596321744357,25,1158.4096001461148,23.132556214273965,10,6,0.0,3.67170013487339,0.9193474939225853,True
10,172,20260407,21.52513186497318,6,2.304794318950096,25,1082.0253000129014,23.127399493653385,10,6,0.0,2.1825998555868864,0.9307199398220323,True
10,173,20260408,21.43491110813506,4,3.7108810888017554,25,1067.532200133428,23.136840198282485,10,6,1.1368683772161603e-13,3.6819998640567064,0.9264407293493014,True
10,174,20260409,21.30290112204836,5,2.094877443159953,25,1341.7408000677824,23.140589399034535,10,7,0.0,2.486600074917078,0.9205859347271921,True
10,175,20260410,21.09882609827949,6,2.304415136660825,25,1098.0911999940872,23.11900285129279,10,7,0.0,4.744099918752909,0.9126183440519652,True
10,176,20260411,21.481238432084,6,2.3044661552741634,25,1489.0938000753522,23.128822152314246,10,6,0.0,3.609800012782216,0.928764910319249,True
10,177,20260412,21.57085358956397,6,2.0944657708460435,25,1141.6181998793036,23.131176722312254,10,7,0.0,3.6440000403672457,0.9325445846754868,True
10,178,20260413,21.329066671646732,5,2.53475769022226,25,1069.1740000620484,23.131784272834626,10,6,0.0,3.6530999932438135,0.9220675076368856,True
10,179,20260414,21.382942527228412,4,4.083578824925493,25,1124.385500093922,23.13369386879736,10,6,0.0,3.055799985304475,0.9243202857486433,True
10,180,20260415,21.654633123923134,6,2.304002730733157,25,1110.448099905625,23.138857652865454,10,7,0.0,4.545600153505802,0.9358557560961305,True
10,181,20260416,20.764860223850306,1,20.63335364184212,25,1119.345000013709,23.121456331026067,10,7,5.684341886080802e-14,2.9632002115249634,0.8980775227374623,True
10,182,20260417,21.584453619348114,6,2.0934736148576336,25,1066.6958999354392,23.126032508417,10,6,0.0,1.565100159496069,0.9333401054198203,True
10,183,20260418,21.47004253604253,4,3.066064391051757,25,1109.4649999868125,23.13368182506528,10,6,0.0,3.360399976372719,0.9280858403083853,True
10,184,20260419,21.312983432972235,4,4.082861601044349,25,1097.3974999506027,23.13278446168216,10,6,0.0,1.6281998250633478,0.9213323829768829,True
10,185,20260420,21.27100001258598,4,3.7121668126875833,25,1064.3446000758559,23.123411433113574,10,6,0.0,2.879299921914935,0.919890219231455,True
10,186,20260421,21.164590813409713,4,4.080757030718976,25,1129.8622998874635,23.130839090625713,10,7,0.0,3.9140000008046627,0.9149945114609843,True
10,187,20260422,21.536546382133015,5,2.5337097597748697,25,1114.989599911496,23.127377978273948,10,6,-2.2737367544323206e-13,2.8623000252991915,0.9312143556595402,True
10,188,20260423,21.52997858685158,8,2.095489507690827,25,1100.7753000594676,23.134371107538072,10,6,0.0,2.3477000650018454,0.9306489675803757,True
10,189,20260424,21.641879633726113,6,2.0946074754015496,25,1032.7876000665128,23.109681780647534,10,6,0.0,1.965200062841177,0.9364854020555754,True
10,190,20260425,21.387463555048495,6,2.5343394436892748,25,1099.9414999969304,23.121076130393053,10,6,0.0,3.169700037688017,0.9250202470867827,True
10,191,20260426,21.34839940980218,5,2.094922155968555,25,1088.9082998037338,23.12240232990868,10,7,0.0,3.9868000894784927,0.9232777418714906,True
10,192,20260427,21.512533331930545,6,2.095608365156426,25,1064.602900063619,23.122161810479515,10,6,0.0,2.8514000587165356,0.93038590025698,True
10,193,20260428,21.26177672989188,3,4.940817223675256,25,1113.9690999407321,23.13829917937498,10,6,0.0,3.2042998354882,0.9188997240058253,True
10,194,20260429,21.255841393331025,4,3.3745026155809574,25,1049.2662000469863,23.131542189340976,10,7,0.0,4.280699882656336,0.9189115545925738,True
10,195,20260430,20.89884530942851,3,4.48927378901458,25,1114.9809998460114,23.129319727120542,10,6,0.0,3.461700165644288,0.9035650661581428,True
10,196,20260431,21.32517012724072,5,2.30531212265568,25,1036.5287000313401,23.126059687593127,10,6,0.0,3.6220999900251627,0.9221272631533264,True
10,197,20260432,21.60989484718608,5,2.3046453679799708,25,1051.5914999414235,23.14026728000498,10,6,0.0,2.4172000121325254,0.9338653951442789,True
10,198,20260433,21.40509849801121,5,3.3740253633273167,25,1117.234099889174,23.14376001919667,10,6,0.0,3.558400087058544,0.9248755811612581,True
10,199,20260434,21.29548644215035,4,4.490814304791501,25,1078.30880000256,23.129853806603947,10,6,0.0,2.2643001284450293,0.920692652024897,True
80,0,20260305,22.72058788538888,17,0.2879978424238361,46,2053.614899981767,24.508186222047144,80,7,0.0,4.0134999435395,0.9270611737456862,True
80,1,20260306,22.93318613825577,23,0.2619201906665912,46,2062.7999000716954,24.513500033684988,80,7,2.2737367544323206e-13,2.204800024628639,0.9355329147915376,True
80,2,20260307,22.82243648536189,18,0.2618253788150735,46,2050.7771000266075,24.50838267782652,80,7,0.0,4.223900148645043,0.931209406404856,True
80,3,20260308,22.810850373971896,20,0.28805470467673244,46,1926.5398001298308,24.502679380340037,80,8,0.0,2.3540998809039593,0.9309533059586292,True
80,4,20260309,22.810753254514744,24,0.2880696561435141,46,2036.385599989444,24.492766535180834,80,7,2.2737367544323206e-13,2.0848000422120094,0.9313261211937783,True
80,5,20260310,22.85767653050953,20,0.26177743870091397,46,1952.7269001118839,24.528589133111975,80,7,4.547473508864641e-13,3.257900010794401,0.9318789762617523,True
80,6,20260311,22.814348181952127,16,0.2880760335799486,46,1980.908100027591,24.520791755898934,80,8,0.0,2.950299996882677,0.930408300395264,True
80,7,20260312,22.91079476927279,24,0.2619252356830898,46,2112.1390000917017,24.501225657786275,80,8,0.0,3.5734998527914286,0.9350877008878101,True
80,8,20260313,22.867666770055372,27,0.26184427331314686,46,2455.7158001698554,24.49731595543954,80,7,2.2737367544323206e-13,6.4391999039798975,0.9334764188718271,True
80,9,20260314,22.935826816782463,21,0.26186726263793314,46,3059.937700163573,24.50413009232308,80,7,0.0,4.097299883142114,0.9359984104870569,True
80,10,20260315,22.905956732871353,20,0.2618613827104277,46,1963.8531000819057,24.495845564214193,80,8,0.0,6.179300136864185,0.9350955725461668,True
80,11,20260316,22.822009546182716,23,0.26180782071822245,46,2001.607600133866,24.491686748636983,80,8,0.0,4.971600137650967,0.9318267778127944,True
80,12,20260317,22.78415331995176,18,0.28802583834937284,46,1913.9179000630975,24.507128949691182,80,8,0.0,4.044200060889125,0.9296949212910093,True
80,13,20260318,22.87989996416645,19,0.2619175889254702,46,2023.8844000268728,24.521258310845464,80,7,0.0,2.821100177243352,0.9330638613291284,True
80,14,20260319,22.797412058447936,20,0.287967846051854,46,1998.7774998880923,24.51061283150497,80,7,0.0,3.9099999703466892,0.9301037152830811,True
80,15,20260320,22.82526674584922,21,0.28811046327051526,46,2059.7010001074523,24.504294219480286,80,8,0.0,4.596599843353033,0.9314802761266112,True
80,16,20260321,22.80408303111827,21,0.2880397954748517,46,2206.6395999863744,24.5213776427271,80,8,0.0,4.722799872979522,0.9299674497644642,True
80,17,20260322,22.808645726895612,22,0.3167662011088313,46,2043.2468999642879,24.504450636298152,80,8,0.0,4.736499860882759,0.9307960445809561,True
80,18,20260323,22.81307919732887,24,0.28797304343831376,46,2036.1033000517637,24.50476488490868,80,7,0.0,3.1731000635772943,0.9309650308613392,True
80,19,20260324,22.904443425808175,18,0.26185755689793955,46,2065.112299984321,24.518430091148705,80,8,0.0,4.10989997908473,0.934172511888386,True
80,20,20260325,22.859931660642484,27,0.26152830496417884,46,2146.8704999424517,24.494575603750487,80,8,0.0,2.9277000576257706,0.9332650636797433,True
80,21,20260326,22.833036723627735,16,0.26178092417879173,46,2055.5196998175234,24.50515708293864,80,7,0.0,3.771300194784999,0.9317645525122916,True
80,22,20260327,22.860697120451984,18,0.2618341498112258,46,2014.3403001129627,24.511046216145065,80,8,0.0,3.0507000628858805,0.9326691696005199,True
80,23,20260328,22.834054857727153,25,0.26185801650144,46,2033.8002999778837,24.50992138635006,80,7,6.821210263296962e-13,3.992500016465783,0.931624973323814,True
80,24,20260329,22.831478231304175,16,0.26178390661771256,46,2045.4194000922143,24.525797944085017,80,7,-2.2737367544323206e-13,3.7988999392837286,0.9309168363596722,True
80,25,20260330,22.850036524964292,19,0.2878636336259266,46,1994.5628999266773,24.522967320031505,80,7,0.0,4.061399959027767,0.9317810616784257,True
80,26,20260331,22.720739181057112,17,0.31675719318163764,46,2037.5903998501599,24.495857497251844,80,7,0.0,2.599499886855483,0.9275339384876042,True
80,27,20260332,22.854476898768144,20,0.2619004191825616,46,1997.2389000467956,24.496343449698475,80,7,0.0,4.226399818435311,0.9329750354659344,True
80,28,20260333,22.90379494378707,19,0.2618609972678249,46,2129.32790000923,24.524501826103194,80,7,0.0,3.9129999931901693,0.9339147888178063,True
80,29,20260334,22.806612626804675,19,0.2880347113723218,46,1977.0710999146104,24.52281786734616,80,8,0.0,4.1652999352663755,0.9300159855272289,True
80,30,20260335,22.852399768058007,16,0.26191453176440127,46,2064.924699952826,24.52642064829903,80,7,2.2737367544323206e-13,3.923900192603469,0.9317462215850432,True
80,31,20260336,22.687273084581932,21,0.2617689247702997,46,2022.730000084266,24.49121443562746,80,7,2.2737367544323206e-13,3.2372998539358377,0.9263433278987862,True
80,32,20260337,22.82410797452665,19,0.2880732377602101,46,1989.479900104925,24.516587525682475,80,7,2.2737367544323206e-13,4.11259988322854,0.9309659409417049,True
80,33,20260338,22.86530286287001,22,0.2618566415363753,46,2074.0755000151694,24.493107307645335,80,7,0.0,2.667499938979745,0.933540304856819,True
80,34,20260339,22.873843449905156,17,0.2880584688801494,46,1965.8467001281679,24.510965338363576,80,7,0.0,2.4968998041003942,0.9332085919155513,True
80,35,20260340,22.865805916291396,19,0.28807609044970783,46,2045.556099852547,24.50794560238508,80,7,4.547473508864641e-13,3.920899936929345,0.932995620574012,True
80,36,20260341,22.863704969339256,19,0.2617658431159892,46,2212.0272000320256,24.50955420546495,80,7,4.547473508864641e-13,2.781399991363287,0.9328486670002869,True
80,37,20260342,22.763501058963552,18,0.31681202888004373,46,1966.0402999725193,24.531392579451495,80,8,0.0,2.3928999435156584,0.9279335033768608,True
80,38,20260343,22.738590237538535,22,0.26183126914310756,46,2038.3379000704736,24.508878938110822,80,8,0.0,4.468999803066254,0.9277694950861451,True
80,39,20260344,22.791262535004552,19,0.316947501032561,46,1981.9971998222172,24.511249262979234,80,7,0.0,3.624500008299947,0.9298286794964596,True
80,40,20260345,22.897960940702266,20,0.2618364397374135,46,1958.5036998614669,24.535659412820404,80,7,-2.2737367544323206e-13,2.386899897828698,0.9332523147406258,True
80,41,20260346,22.7750607371327,17,0.2618976016246904,46,2053.046900080517,24.517860556683626,80,7,-4.547473508864641e-13,2.619300037622452,0.9289171330621736,True
80,42,20260347,22.89059774014589,20,0.2619335243458162,46,1959.1940001118928,24.52804567126652,80,7,2.2737367544323206e-13,3.5892000887542963,0.933241810086858,True
80,43,20260348,22.759353129327824,16,0.2880625088754921,46,2024.8733998741955,24.504874505406164,80,7,4.547473508864641e-13,3.016600152477622,0.9287684017441815,True
80,44,20260349,22.6941216877793,16,0.3167712677567101,46,2188.9130999334157,24.509133391504733,80,7,-4.547473508864641e-13,4.460399970412254,0.925945496532548,True
80,45,20260350,22.916596195900745,21,0.261932587259978,46,2035.839500138536,24.49416239760167,80,8,0.0,4.02280013076961,0.9355941968501282,True
80,46,20260351,22.806016322196154,14,0.3169031540574517,46,2108.9453999884427,24.528647684698406,80,7,-4.547473508864641e-13,3.832699963822961,0.9297706345394299,True
80,47,20260352,22.74566744731266,20,0.2618823977706845,46,1944.221500074491,24.506520978415644,80,7,0.0,3.6105001345276833,0.9281475517208716,True
80,48,20260353,22.75510099378163,21,0.2618769035595994,46,2039.4286999944597,24.500736075735407,80,8,0.0,3.001400036737323,0.9287517290681488,True
80,49,20260354,22.899330076098778,20,0.2618849887037082,46,1979.140699841082,24.51124227199439,80,7,0.0,2.9862001538276672,0.9342378416398208,True
80,50,20260355,22.7800535150044,21,0.28811234300535016,46,1975.627499865368,24.498875827700164,80,7,0.0,2.996399998664856,0.9298407680097573,True
80,51,20260356,22.82205856540658,26,0.2881180140866359,46,2021.7293000314385,24.480207687910845,80,8,0.0,4.166200058534741,0.9322657248809569,True
80,52,20260357,22.73527791425906,18,0.2619102761841941,46,2018.2688999921083,24.510900312403642,80,8,0.0,3.8451000582426786,0.9275578466921497,True
80,53,20260358,22.882651275633844,16,0.2881174478509378,46,2011.8136999662966,24.501430143456847,80,7,0.0,3.873900044709444,0.9339312497946043,True
80,54,20260359,22.794920420364118,15,0.261925889131022,46,2070.2947000972927,24.494672761451,80,7,0.0,3.2118000090122223,0.9306072647860844,True
80,55,20260360,22.811553134508582,17,0.26169345747054507,46,1988.7562999501824,24.512928443350418,80,7,0.0,3.4628999419510365,0.9305927354712543,True
80,56,20260361,22.833940915935578,19,0.2881529583649469,46,2058.948199963197,24.52633500684444,80,7,0.0,3.4847999922931194,0.9309968615189927,True
80,57,20260362,22.744955747400425,18,0.2880789981207323,46,1957.5384000781924,24.51345623974721,80,7,2.2737367544323206e-13,2.4864000733941793,0.9278559304305992,True
80,58,20260363,22.894653182602784,18,0.26170177508218045,46,2060.9822999686003,24.522391701009514,80,8,0.0,4.16609994135797,0.9336223587709954,True
80,59,20260364,22.811690674658138,20,0.31662271453665436,46,2065.0385001208633,24.515866602914784,80,7,0.0,2.0595998503267765,0.930486816727334,True
80,60,20260365,22.867845887075614,15,0.2618480419247978,46,2129.0138999465853,24.519485132325983,80,7,0.0,3.061699913814664,0.9326397256574983,True
80,61,20260366,22.89120130657496,21,0.2617761396661473,46,1974.7387000825256,24.5046369847038,80,8,0.0,4.332699812948704,0.9341579441011114,True
80,62,20260367,22.89535684187081,23,0.26183144117986473,46,1951.2908000033349,24.519350439248427,80,7,-4.547473508864641e-13,3.5856999456882477,0.9337668588977761,True
80,63,20260368,22.687018509770525,20,0.26173064172091304,46,2022.0281002111733,24.525923364774933,80,7,0.0,3.4522998612374067,0.9250219929478573,True
80,64,20260369,22.710109364314558,17,0.31683694094347814,46,2014.6343999076635,24.517597894635028,80,7,0.0,3.7459000013768673,0.9262779111522998,True
80,65,20260370,22.78988604248966,24,0.31683144310616546,46,1975.9087001439184,24.507882833789793,80,7,-2.2737367544323206e-13,3.0255999881774187,0.9299002364687545,True
80,66,20260371,22.690088803197618,20,0.31675811013361943,46,2015.1210001204163,24.498621841760798,80,8,0.0,3.9902999997138977,0.926178172378647,True
80,67,20260372,22.775302208989856,21,0.2879797993741764,46,2030.8411999139935,24.493711788728554,80,8,0.0,4.24919999204576,0.9298428268218021,True
80,68,20260373,22.77748135936915,17,0.3168036365813482,46,2036.3975001964718,24.50186012338485,80,8,2.2737367544323206e-13,4.100700141862035,0.9296225366020299,True
80,69,20260374,22.844952992130075,16,0.2618460178823584,46,1918.703299947083,24.507010538408505,80,7,0.0,3.6100998986512423,0.9321803227009848,True
80,70,20260375,22.85852146266825,21,0.26184673745749276,46,2011.8503000121564,24.50699319898303,80,7,0.0,3.698799991980195,0.9327346393362044,True
80,71,20260376,22.791214415748755,20,0.2618476856910126,46,2049.3286999408156,24.522249081308995,80,7,0.0,3.123499918729067,0.9294096287897325,True
80,72,20260377,22.815112731438052,22,0.261939380016071,46,1961.2536001950502,24.47855602546267,80,8,0.0,4.204099997878075,0.9320448766547219,True
80,73,20260378,22.92439573520773,19,0.2619145153126847,46,2036.2156999763101,24.505301938563417,80,8,0.0,4.18969988822937,0.9354871771292951,True
80,74,20260379,22.869849472784633,23,0.2617267271021745,46,2102.6515001431108,24.482717129758303,80,7,-2.2737367544323206e-13,2.640299964696169,0.9341221953255646,True
80,75,20260380,22.89460938027606,26,0.2619019395267351,46,2114.8713000584394,24.490554974199345,80,7,-4.547473508864641e-13,3.2525998540222645,0.9348342413798052,True
80,76,20260381,22.789869521637304,21,0.2618912041259733,46,2148.5419999808073,24.48624950950154,80,8,0.0,5.492100026458502,0.930721118103204,True
80,77,20260382,22.775199204260655,19,0.2880187717551608,46,2776.5540000982583,24.522234868939606,80,7,0.0,4.2269001714885235,0.9287570780552394,True
80,78,20260383,22.872484685024396,17,0.28806398535472844,46,3095.085399923846,24.49730749377987,80,7,2.2737367544323206e-13,4.326099995523691,0.933673412510006,True
80,79,20260384,22.78115273228987,18,0.28812479042288364,46,2438.8276000972837,24.51659971938201,80,7,0.0,3.881900105625391,0.9292133898274582,True
80,80,20260385,22.866722557723318,21,0.26193156071741686,46,2599.8442999552935,24.50062413223049,80,8,0.0,5.974299972876906,0.9333118386825998,True
80,81,20260386,22.780705830214384,19,0.26183438356423994,46,3007.194399833679,24.511677915821874,80,7,2.2737367544323206e-13,3.999900072813034,0.9293817383064512,True
80,82,20260387,22.863140916475434,17,0.2879313122815179,46,2370.2215999364853,24.5262779152338,80,7,2.2737367544323206e-13,4.184100078418851,0.9321895884688906,True
80,83,20260388,22.868656871588687,16,0.2880232430573201,46,2237.588500138372,24.50667845740922,80,7,0.0,2.6191999204456806,0.9331601959577145,True
80,84,20260389,22.867759878759035,20,0.26185594568714904,46,2272.9942000005394,24.50359646297854,80,8,0.0,5.039299838244915,0.93324095968153,True
80,85,20260390,22.789730471397935,16,0.2619048484418862,46,3233.079900033772,24.527390636933216,80,7,0.0,3.532000118866563,0.9291542997273129,True
80,86,20260391,22.84061049507078,21,0.2617966544944468,46,2729.9108000006527,24.49730082068848,80,7,-2.2737367544323206e-13,3.5230000503361225,0.9323725361522854,True
80,87,20260392,22.84460374362299,16,0.28809139816734447,46,2053.309000097215,24.512206178569496,80,7,4.547473508864641e-13,2.0367999095469713,0.9319684885645073,True
80,88,20260393,22.92753592903871,21,0.26193203086725825,46,2325.471500167623,24.51965544585886,80,8,0.0,3.160000080242753,0.935067622775709,True
80,89,20260394,22.933968332695017,19,0.26194453260710426,46,2072.033999953419,24.52689310184459,80,7,0.0,3.4274000208824873,0.9350539523071606,True
80,90,20260395,22.77221587166018,19,0.28795147478401445,46,2001.1307999957353,24.511204292021482,80,8,0.0,4.52050007879734,0.9290533259955999,True
80,91,20260396,22.852293392017412,21,0.2618045019387428,46,2039.8413999937475,24.50578310096397,80,7,0.0,3.1926999799907207,0.932526550890695,True
80,92,20260397,22.858104820413487,20,0.2878152050447538,46,2018.934200052172,24.517191089903957,80,7,-2.2737367544323206e-13,3.7435998674482107,0.9323296758014962,True
80,93,20260398,22.920156790478373,20,0.261778387806627,46,2038.9661001972854,24.513630807277725,80,8,0.0,3.969899844378233,0.9349964095760848,True
80,94,20260399,22.846386625467858,19,0.26186476541389314,46,1964.8351999931037,24.507734878259598,80,7,2.2737367544323206e-13,3.0519999563694,0.932211268767009,True
80,95,20260400,22.885694192973137,19,0.2619556669239634,46,2044.9888999573886,24.510965518644458,80,8,0.0,4.214700078591704,0.9336920724548755,True
80,96,20260401,22.90456213595791,23,0.2618813919689508,46,2044.8617001529783,24.51782675338516,80,7,4.547473508864641e-13,4.483399912714958,0.9342003419122574,True
80,97,20260402,22.822647786267908,20,0.2880773249630538,46,2340.032200096175,24.515035589734445,80,7,-2.2737367544323206e-13,4.147600149735808,0.9309653132147515,True
80,98,20260403,22.863010058982915,17,0.28811059295228686,46,2501.1443002149463,24.52931187291292,80,8,0.0,2.717799972742796,0.9320689539697175,True
80,99,20260404,22.729214223189622,24,0.2619408013179754,46,2627.3479000665247,24.52301687326371,80,8,0.0,5.408799974247813,0.9268522849637727,True
80,100,20260405,22.864120842078737,17,0.28804767366927136,46,2795.5587001051754,24.511446040494047,80,7,-2.2737367544323206e-13,5.176800070330501,0.9327936346271105,True
80,101,20260406,22.846376383104303,18,0.2618588794716583,46,2249.8840999323875,24.496318299145717,80,7,2.2737367544323206e-13,4.0911000687628984,0.9326453103730713,True
80,102,20260407,22.742271558459226,17,0.288099289868762,46,2067.4485000781715,24.536292579837927,80,7,0.0,2.609899966046214,0.92688296263418,True
80,103,20260408,22.824131776349212,17,0.28802064942174793,46,2807.108099805191,24.493688163629855,80,8,0.0,7.0282998494803905,0.9318372808485522,True
80,104,20260409,22.906796961113326,18,0.26185968039499413,46,2183.314200025052,24.537147287865864,80,8,-2.2737367544323206e-13,3.81530006416142,0.9335558324027838,True
80,105,20260410,22.845669024573613,23,0.2880518920826031,46,2012.5367001164705,24.523857004875268,80,7,0.0,3.7440999876707792,0.9315691663033251,True
80,106,20260411,22.861259770332055,17,0.26187115400842764,46,2139.5932999439538,24.5223306848689,80,8,0.0,4.550599958747625,0.932262926559351,True
80,107,20260412,22.92615503822736,19,0.26180822135575543,46,2333.442100090906,24.495345721045073,80,7,0.0,3.796400036662817,0.9359392310405503,True
80,108,20260413,22.889439168435402,19,0.26185513328742355,46,2262.5432999338955,24.50845536674316,80,8,0.0,4.995999857783318,0.9339405044471024,True
80,109,20260414,22.845103871044465,23,0.2619402031806907,46,2271.55840001069,24.50109064057581,80,8,0.0,5.044099874794483,0.9324117120407327,True
80,110,20260415,22.91957704970973,24,0.26181849212876784,46,2721.839000005275,24.48999452813377,80,8,0.0,6.277899956330657,0.9358751396771459,True
80,111,20260416,22.82235678183881,24,0.26185169589069945,46,2584.2087001074106,24.503242223564882,80,8,0.0,3.979400033131242,0.9314015089762465,True
80,112,20260417,22.817565550136347,19,0.2616842018572042,46,2226.639300119132,24.507721067204574,80,8,-2.2737367544323206e-13,2.05690017901361,0.9310357942938261,True
80,113,20260418,22.77475238756602,15,0.26177040426300763,46,2235.342999920249,24.501906875277076,80,8,0.0,6.221899995580316,0.9295093848612335,True
80,114,20260419,22.780618114726085,16,0.28808361672589505,46,2351.5874000731856,24.526661191739358,80,7,4.547473508864641e-13,2.3622000589966774,0.9288104049970999,True
80,115,20260420,22.835240767445676,20,0.26192767372162046,46,3158.758800011128,24.52390653502977,80,8,0.0,5.435399943962693,0.9311420566225036,True
80,116,20260421,22.875911272116905,28,0.2617591998550594,46,2434.3186002224684,24.52645161747776,80,7,0.0,5.426600109785795,0.932703663330383,True
80,117,20260422,22.803709755934793,23,0.28792156361078064,46,2364.4227001350373,24.50289901399503,80,7,4.547473508864641e-13,3.8059998769313097,0.930653541971106,True
80,118,20260423,22.931051460961864,26,0.26193618846135336,46,2287.965799914673,24.51503077704994,80,7,-2.2737367544323206e-13,3.2791001722216606,0.9353874229041989,True
80,119,20260424,22.73699124160295,19,0.2618259344251937,46,2262.608000077307,24.500409044081824,80,7,2.2737367544323206e-13,2.324699889868498,0.928024964836053,True
80,120,20260425,22.736952816946676,21,0.2879931186010539,46,1932.3027001228184,24.503692651942515,80,8,0.0,4.172799875959754,0.9278990370924448,True
80,121,20260426,22.905347653244345,20,0.26186526949606936,46,2064.0006999019533,24.506647455685485,80,8,0.0,3.882199991494417,0.9346585531400525,True
80,122,20260427,22.785378889281034,16,0.31696076522990946,46,2210.0773002021015,24.530664628564974,80,7,0.0,3.1822999007999897,0.928852896335649,True
80,123,20260428,22.810370057713047,25,0.2619236021718035,46,2077.385100070387,24.490551498050447,80,8,2.2737367544323206e-13,5.309999920427799,0.9313947078541229,True
80,124,20260429,22.820895481447433,17,0.2619125785916383,46,2094.497499987483,24.5133538530344,80,7,-2.2737367544323206e-13,4.137600073590875,0.9309576983331693,True
80,125,20260430,22.85269441808527,20,0.26178491929467673,46,2380.6759000290185,24.503425183730286,80,7,-2.2737367544323206e-13,3.9351999294012785,0.9326326522407544,True
80,126,20260431,22.725032981253026,16,0.2619672866654182,46,2337.18160004355,24.522026074777425,80,7,4.547473508864641e-13,4.699500044807792,0.9267192242580343,True
80,127,20260432,22.781052992780232,19,0.28808067099749635,46,2199.4288999121636,24.498076810729096,80,7,0.0,4.206500016152859,0.9299118934431261,True
80,128,20260433,22.925962202537434,17,0.26187553657904294,46,2208.389400038868,24.494258824389917,80,7,-4.547473508864641e-13,3.792000003159046,0.935972889275961,True
80,129,20260434,22.94128789091972,17,0.26187475204208455,46,2290.4133999254555,24.509843064759917,80,7,0.0,3.0110999941825867,0.9360030511131484,True
80,130,20260435,22.80715643955691,20,0.26187045612984583,46,2178.7941998336464,24.52169466965548,80,8,0.0,1.9760001450777054,0.9300807610079153,True
80,131,20260436,22.863951889020004,21,0.2618537511455111,46,2157.775699859485,24.527158867777338,80,7,4.547473508864641e-13,3.5972001496702433,0.9321891708810033,True
80,132,20260437,22.83168160201107,19,0.2880665661483649,46,2258.0623999238014,24.51698051476611,80,7,4.547473508864641e-13,3.389099845662713,0.9312599317954339,True
80,133,20260438,22.870419105207716,17,0.2879268731102338,46,2314.088299870491,24.506410166276225,80,7,0.0,3.840100020170212,0.9332423210919798,True
80,134,20260439,22.86103715826869,17,0.2619627687591812,46,2415.137499803677,24.526188663466968,80,7,2.2737367544323206e-13,3.5538000520318747,0.9321072047497291,True
80,135,20260440,22.72286653975904,19,0.2618659836422563,46,2489.5625000353903,24.493314389644155,80,7,0.0,2.944400068372488,0.9277170977467358,True
80,136,20260441,22.852438454008993,23,0.26172666913065934,46,2662.0451998896897,24.522978554624583,80,7,-2.2737367544323206e-13,3.7080999463796616,0.9318785808626596,True
80,137,20260442,22.754049669730875,16,0.31690024903493985,46,2205.224300036207,24.489226116664614,80,7,0.0,3.8987998850643635,0.9291453131810902,True
80,138,20260443,22.7786853925317,21,0.2880479647504396,46,2295.636400114745,24.50250823410623,80,8,0.0,4.453599918633699,0.9296470865307145,True
80,139,20260444,22.83887678905454,14,0.28792947366705723,46,2099.9290000181645,24.524738395942972,80,7,-2.2737367544323206e-13,3.7145998794585466,0.9312587323187383,True
80,140,20260445,22.791037819083396,25,0.28797996375364965,46,2186.187000013888,24.513878624038266,80,7,0.0,4.038000013679266,0.9297197790942207,True
80,141,20260446,22.87605495609641,19,0.2617464586481912,46,2419.368200004101,24.517830704656085,80,7,2.2737367544323206e-13,2.6811000425368547,0.9330374791988473,True
80,142,20260447,22.791560718032365,19,0.3169559164841827,46,1939.4952000584453,24.49912781330175,80,8,0.0,3.357799956575036,0.9303009026165304,True
80,143,20260448,22.91079009110288,18,0.26192589651568576,46,2013.4322999510914,24.514283146386607,80,8,0.0,3.747799899429083,0.9345894372799524,True
80,144,20260449,22.81050081353135,22,0.28802528363861235,46,2036.1635000444949,24.48490234208528,80,8,0.0,5.254099844023585,0.9316149394773804,True
80,145,20260450,22.814316714174783,14,0.31667044082038315,46,1985.7830998953432,24.494973104192187,80,8,0.0,3.763600019738078,0.9313877021677657,True
80,146,20260451,22.92025386593789,27,0.2618673426277013,46,2210.619199788198,24.511606265688094,80,7,2.2737367544323206e-13,3.256599884480238,0.9350775962007103,True
80,147,20260452,22.899611624341887,16,0.2618312085897394,46,1978.6040999460965,24.505580898303915,80,8,0.0,4.2941998690366745,0.934465162012414,True
80,148,20260453,22.859797321637817,24,0.26193909779761915,46,2069.203000050038,24.48017245403984,80,7,4.547473508864641e-13,3.7877000868320465,0.9338086716732005,True
80,149,20260454,22.78208403214945,20,0.31662568990252377,46,1979.732799809426,24.53280083260197,80,7,-2.2737367544323206e-13,3.5053000319749117,0.9286377119188947,True
80,150,20260455,22.831535805721554,19,0.26184085149574104,46,1944.3389000371099,24.49882138510694,80,8,0.0,4.073500167578459,0.9319442534325776,True
80,151,20260456,22.886654441378493,20,0.2616972906771167,46,2039.030299987644,24.491738563789827,80,8,0.0,4.528699908405542,0.9344642636033852,True
80,152,20260457,22.808228958313144,22,0.3168737965454823,46,2065.7818999607116,24.517094914271944,80,7,0.0,2.5863999035209417,0.9302990031268333,True
80,153,20260458,22.7247720766566,24,0.28815941152965185,46,2012.5396999064833,24.519359398096267,80,7,0.0,3.4948999527841806,0.9268093716355819,True
80,154,20260459,22.79409814280639,18,0.31693492163856124,46,2061.6884999908507,24.49296052559059,80,8,0.0,2.705999882891774,0.9306387489985458,True
80,155,20260460,22.81316106045883,23,0.28791753971909984,46,1972.8099000640213,24.47746743153494,80,7,0.0,2.215699991211295,0.9320065944023301,True
80,156,20260461,22.839675393635318,17,0.28798792554154745,46,2026.7970999702811,24.52709005543852,80,7,0.0,3.9451001212000847,0.9312020032548034,True
80,157,20260462,22.87861442873334,21,0.26189344494254113,46,2023.457400035113,24.51291933645441,80,7,2.2737367544323206e-13,3.8391000125557184,0.9333288342653414,True
80,158,20260463,22.860369053598617,24,0.2618835047697824,46,1919.8280000127852,24.497595806062368,80,7,-2.2737367544323206e-13,4.870299948379397,0.9331678600045075,True
80,159,20260464,22.754499708149673,15,0.28812585758316067,46,2071.3254001457244,24.52343697811936,80,7,2.2737367544323206e-13,2.652799943462014,0.9278674815627193,True
80,160,20260465,22.909131843207348,19,0.26177097241984154,46,1921.6676999349147,24.492518343314053,80,7,0.0,2.118099946528673,0.935352237858426,True
80,161,20260466,22.7021484085708,21,0.2618673782786808,46,2128.8383998908103,24.504257181764572,80,7,0.0,3.468099981546402,0.9264573188313231,True
80,162,20260467,22.77264108468047,21,0.28797802533274713,46,1993.0223000701517,24.49897084028612,80,8,0.0,3.2715999986976385,0.92953460098957,True
80,163,20260468,22.9234520780517,22,0.26184432992964446,46,2081.7176001146436,24.51681380712976,80,7,4.547473508864641e-13,2.671699970960617,0.9350094289734054,True
80,164,20260469,22.80243838656408,18,0.2879860870112538,46,2022.9026000015438,24.504073207689014,80,7,0.0,3.901599906384945,0.9305570626278171,True
80,165,20260470,22.93238972340901,21,0.2618665354532509,46,1964.5711001940072,24.524608190711213,80,7,-4.547473508864641e-13,2.917099976912141,0.9350767011272677,True
80,166,20260471,22.748126001702968,17,0.31665776069267093,46,2051.9910000730306,24.47480842619686,80,7,-4.547473508864641e-13,4.140600096434355,0.9294506255401076,True
80,167,20260472,22.88666782543504,17,0.26193121916351747,46,2141.0541001241654,24.493557604084575,80,8,0.0,4.531400045379996,0.934395411045492,True
80,168,20260473,22.770144443799655,17,0.3167355198290582,46,2071.4306000154465,24.52830899430909,80,7,2.2737367544323206e-13,3.773100208491087,0.9283210044802781,True
80,169,20260474,22.75976867037911,19,0.2618567343430361,46,2052.048899931833,24.501827436349885,80,7,0.0,4.328900016844273,0.9289008638030676,True
80,170,20260475,22.84522173261841,18,0.28813233634763824,46,1971.1444999556988,24.49988777209329,80,7,0.0,3.4278000239282846,0.9324623012616556,True
80,171,20260476,22.781044909008607,17,0.288048757305524,46,1997.3587000276893,24.53273932721291,80,7,0.0,3.99119989015162,0.9285976834938593,True
80,172,20260477,22.80819672800772,22,0.2880307062119994,46,2081.8171000573784,24.502558908537736,80,7,0.0,3.6760999355465174,0.9308495824107731,True
80,173,20260478,22.867369205836038,19,0.28798370899608566,46,1980.918199988082,24.49284096120803,80,7,-2.2737367544323206e-13,3.318999893963337,0.9336348217854177,True
80,174,20260479,22.730589817682475,21,0.2878841997376139,46,1938.2071997970343,24.51363897989986,80,7,-2.2737367544323206e-13,3.9693000726401806,0.9272629753714082,True
80,175,20260480,22.746946109740332,16,0.2880774104007643,46,1961.1382998991758,24.525521037694524,80,8,0.0,2.759300172328949,0.9274806465795116,True
80,176,20260481,22.760845469085833,19,0.2618927537349653,46,1953.3379001077265,24.496115103692663,80,7,-6.821210263296962e-13,2.8355999384075403,0.9291614353026433,True
80,177,20260482,22.771588400633053,20,0.2619308074191502,46,2065.575399901718,24.490919883281897,80,8,0.0,3.5629000049084425,0.9297971864330624,True
80,178,20260483,22.7711654986273,29,0.31688794512408835,46,2039.3279001582414,24.532329391142845,80,7,-4.547473508864641e-13,3.342200070619583,0.9282104905557238,True
80,179,20260484,22.94555853292453,21,0.26172135671639263,46,1957.1215000469238,24.504489509311608,80,7,0.0,3.0149000231176615,0.9363818219598212,True
80,180,20260485,22.869996927041537,19,0.2880961147942223,46,2037.126800045371,24.502974113872686,80,7,2.2737367544323206e-13,3.2900001388043165,0.9333559600054177,True
80,181,20260486,22.796726280997508,22,0.2619133608953722,46,1968.8182999379933,24.48454761142244,80,8,0.0,4.77809994481504,0.931065856016162,True
80,182,20260487,22.841987457998307,18,0.2880534951829016,46,2060.1025000214577,24.507719420699498,80,7,2.2737367544323206e-13,2.9283000621944666,0.9320323554343333,True
80,183,20260488,22.817664568204098,19,0.261774186735245,46,1986.6227000020444,24.488720194097404,80,8,-2.2737367544323206e-13,3.5196999087929726,0.931762231237544,True
80,184,20260489,22.93872041168798,23,0.26189105029497667,46,2049.7322001028806,24.506230762219406,80,7,0.0,2.3599998094141483,0.9360362527497287,True
80,185,20260490,22.746741285644287,17,0.2618599826953604,46,2044.3974998779595,24.509116923388195,80,7,0.0,2.6639001443982124,0.9280930584625783,True
80,186,20260491,22.87032060889158,16,0.28807580968004654,46,1945.4563001636416,24.506577904792053,80,7,0.0,3.7817000411450863,0.9332319142126931,True
80,187,20260492,22.895583051244394,19,0.2619050091652366,46,2058.7488999590278,24.54263604674051,80,8,0.0,4.817100008949637,0.9328901348510663,True
80,188,20260493,22.909777905827106,23,0.261833499875794,46,2000.3378000110388,24.524183293137657,80,7,0.0,3.568599931895733,0.9341708807174715,True
80,189,20260494,22.872061536662507,22,0.28801369812943334,46,2010.8789999503642,24.51316762070862,80,7,4.547473508864641e-13,2.5764000602066517,0.9330520596342794,True
80,190,20260495,22.89132447073163,19,0.2615592399701288,46,1989.0797999687493,24.486316154802623,80,8,0.0,4.568599862977862,0.9348619174077698,True
80,191,20260496,22.927097959515624,24,0.26190767713078406,46,2001.565100159496,24.51625406401205,80,7,0.0,2.5279999244958162,0.9351794894788115,True
80,192,20260497,22.870117779915514,20,0.2618250765556812,46,2054.336099885404,24.513611511655842,80,8,0.0,4.711000015959144,0.9329558710286784,True
80,193,20260498,22.91637417771964,21,0.261923143579623,46,2002.216499997303,24.51693421598681,80,7,2.2737367544323206e-13,3.356299828737974,0.9347161425581714,True
80,194,20260499,22.901172280862113,18,0.26175457705926175,46,1947.350500151515,24.483907123802396,80,7,0.0,4.0998999029397964,0.935356116369123,True
80,195,20260500,22.85305856337494,23,0.2880338344906045,46,2106.3532000407577,24.489220761837274,80,7,-2.2737367544323206e-13,3.9078001864254475,0.9331884744568091,True
80,196,20260501,22.836234465461136,19,0.26189531968690694,46,2188.7680999934673,24.513093057493517,80,7,2.2737367544323206e-13,3.60589986667037,0.9315933493949767,True
80,197,20260502,22.817954742273113,21,0.26176178843977754,46,2165.7247999683022,24.50093304144796,80,7,-4.547473508864641e-13,3.592299995943904,0.9313096241548119,True
80,198,20260503,22.74168985928063,23,0.2619633796638481,46,2048.557600006461,24.506645410438306,80,7,0.0,3.742299973964691,0.9279805325617551,True
80,199,20260504,22.918058174049992,21,0.2619603492780351,46,2044.6984998416156,24.529078299002748,80,7,0.0,3.5973999183624983,0.9343220277046345,True
600,0,20260825,24.00575003499093,58,0.034919349938321305,68,3301.341900136322,24.685470356877513,600,9,0.0,4.766700090840459,0.9724647611708476,True
600,1,20260826,24.028413223928474,67,0.03491418221462606,68,3096.9565000850707,24.688096973075968,600,9,0.0,5.92479994520545,0.9732792790846972,True
600,2,20260827,23.991970291558566,63,0.03492746696130619,68,2988.823600113392,24.680171691644915,600,9,0.0,5.475800018757582,0.9721152101904004,True
600,3,20260828,24.016504276846,50,0.034904458030763044,68,2966.2967999465764,24.686750133950675,600,9,-4.547473508864641e-13,3.9421000983566046,0.9728499760613321,True
600,4,20260829,24.026610809735683,59,0.03492141148199597,68,3020.910599967465,24.711049856994784,600,9,0.0,5.434999940916896,0.9723023080273798,True
600,5,20260830,24.051642847455962,51,0.03492698604150513,68,2918.8670001458377,24.71649441654371,600,9,0.0,5.006999941542745,0.973100895382529,True
600,6,20260831,24.021582974128357,56,0.03492466833097457,68,3036.7085998877883,24.69566849434058,600,9,0.0,5.5790001060813665,0.9727043015512336,True
600,7,20260832,24.053016294180207,54,0.034915842586478306,68,3710.1311001461,24.6787046895774,600,9,4.547473508864641e-13,5.571800051257014,0.9746466273952602,True
600,8,20260833,24.036295602233622,61,0.034924254627501365,68,3013.0298999138176,24.697350166174424,600,10,0.0,5.519599886611104,0.9732337858315592,True
600,9,20260834,24.03849985282334,61,0.03492732319838635,68,3042.807999998331,24.699657619191694,600,9,0.0,5.3611998446285725,0.9732321080493588,True
600,10,20260835,24.02126332050708,62,0.03492022333304782,68,3095.2377999201417,24.684454123157128,600,10,0.0,6.450800225138664,0.9731332603370034,True
600,11,20260836,24.027288882971316,60,0.03490893041521571,68,3009.9080000072718,24.69571597550337,600,9,0.0,4.534400068223476,0.9729334799122612,True
600,12,20260837,24.029244919349708,52,0.03492253116760503,68,3023.308200063184,24.702513070295787,600,9,0.0,4.689800087362528,0.9727449531539498,True
600,13,20260838,24.029701849543187,61,0.03491787755374092,68,2989.0472998376936,24.71847651925093,600,9,0.0,5.2269999869167805,0.972135229726989,True
600,14,20260839,24.03178310539853,53,0.03491659788796036,68,3028.1333001330495,24.70363536685534,600,9,0.0,6.037399871274829,0.9728035063876377,True
600,15,20260840,24.04580984761796,53,0.03492666833625286,68,3075.274300063029,24.700250592914223,600,9,0.0,5.5234001483768225,0.9735046920745005,True
600,16,20260841,24.018797908522302,55,0.03492196874434562,68,3079.568700166419,24.70352026194731,600,10,0.0,5.600099917501211,0.972282397562596,True
600,17,20260842,24.027087288697043,61,0.03491846393499948,68,3062.9050000570714,24.705064808179706,600,9,0.0,3.379700006917119,0.9725571446686434,True
600,18,20260843,24.031284974462192,57,0.03492394481782751,68,3033.367299940437,24.698661813733423,600,10,0.0,3.7996999453753233,0.97297923084642,True
600,19,20260844,24.045691023401634,63,0.03491913165057364,68,2956.1914999503642,24.688880034167617,600,9,0.0,5.402799928560853,0.9739482305444452,True
600,20,20260845,24.025034019469594,53,0.0349277149256686,68,3088.338900124654,24.70996873249909,600,9,0.0,5.574099952355027,0.9722810368380331,True
600,21,20260846,24.031144301680925,66,0.03490345098607057,68,3034.351999871433,24.721131963660845,600,9,0.0,3.8699000142514706,0.9720891558285366,True
600,22,20260847,24.040462072604242,64,0.03491638748573514,68,3063.729800051078,24.694610724826347,600,9,0.0,5.6495999451726675,0.9735104691662757,True
600,23,20260848,24.024940527446848,51,0.034913251637711015,68,2925.929700024426,24.70127840922997,600,9,0.0,4.336999962106347,0.9726193166775368,True
600,24,20260849,24.021925176557342,52,0.03492610108610771,68,2968.9889000728726,24.69730755139293,600,9,0.0,4.57830005325377,0.9726536030929616,True
600,25,20260850,24.02401649672408,62,0.034910753672620726,68,3012.210899963975,24.69596991879604,600,9,0.0,5.881900200620294,0.9727909685555399,True
600,26,20260851,24.012224306807315,50,0.03492098866276835,68,3110.47019995749,24.692622636143696,600,9,0.0,5.279800156131387,0.972445278925518,True
600,27,20260852,24.047425859698343,68,0.034905365968823654,68,3084.2324001714587,24.695752345467874,600,9,0.0,5.265000043436885,0.9737474494925233,True
600,28,20260853,24.01786775293083,60,0.034923894974317686,68,2896.7540999874473,24.705598322004764,600,10,0.0,5.549999885261059,0.972162966461679,True
600,29,20260854,24.02647481531567,57,0.03491714981711874,68,2943.3540999889374,24.71056796066573,600,9,0.0,4.820599919185042,0.9723157660139985,True
600,30,20260855,24.027501919882027,55,0.03491761176671804,68,3037.5827001407743,24.69213266482159,600,9,0.0,5.69570017978549,0.9730832992855879,True
600,31,20260856,24.032062396427527,48,0.034916601710122834,68,3051.815699785948,24.698214752792026,600,9,0.0,5.296699935570359,0.9730283195351521,True
600,32,20260857,24.019034008603008,56,0.034924910444106325,68,3024.7057999949902,24.709177008853565,600,10,0.0,5.378600209951401,0.972069365159217,True
600,33,20260858,24.040667224855056,55,0.03492053682590923,68,2949.318600120023,24.686188887731387,600,9,0.0,5.1709001418203115,0.9738508983378498,True
600,34,20260859,24.030555197876843,51,0.034917280680184654,68,3053.9530999958515,24.69316294263715,600,9,0.0,4.447499988600612,0.9731663478550899,True
600,35,20260860,24.024162566906835,57,0.03491293975393892,68,3072.7210000623018,24.717067089873446,600,9,0.0,5.629499908536673,0.9719665557225237,True
600,36,20260861,24.056363802449177,63,0.03492724509712442,68,3075.838199816644,24.702308909578164,600,10,0.0,4.974100040271878,0.9738508206057399,True
600,37,20260862,24.04167736510505,57,0.03492532882857939,68,3004.3768999166787,24.70362514158824,600,9,4.547473508864641e-13,5.140400025993586,0.9732044275814075,True
600,38,20260863,24.02943144224074,55,0.03488676003184709,68,3007.931800093502,24.704450484947785,600,9,-9.094947017729282e-13,4.3935999274253845,0.9726762170598238,True
600,39,20260864,24.03707345897698,61,0.034911955106835396,68,3163.398199947551,24.6948819593872,600,9,9.094947017729282e-13,5.2339001558721066,0.9733625574120159,True
600,40,20260865,24.032744124829193,61,0.034922309075793107,68,3337.0395000092685,24.687426044652483,600,9,-9.094947017729282e-13,3.939699847251177,0.9734811592492811,True
600,41,20260866,24.053013094264756,65,0.034919979484583065,68,2936.1572999041528,24.693723298303418,600,9,0.0,4.554899875074625,0.9740537222233036,True
600,42,20260867,24.010288499647274,54,0.034909855373631546,68,3175.9877000004053,24.703352156620422,600,9,0.0,5.878000054508448,0.9719445501736327,True
600,43,20260868,24.014508457957703,67,0.034922682627632755,68,3108.6025000549853,24.69285653103298,600,9,0.0,3.505999920889735,0.9725285702679738,True
600,44,20260869,24.027437953885673,58,0.03492374333231338,68,2901.419000001624,24.70705958597123,600,9,0.0,3.4417000133544207,0.9724928160827585,True
600,45,20260870,24.02564707706416,52,0.03491796967267688,68,3036.6654999088496,24.708605213874645,600,9,0.0,5.248400149866939,0.972359502655092,True
600,46,20260871,24.025956885655486,65,0.03492132709835848,68,3010.7001999858767,24.70834767527367,600,9,0.0,4.831899888813496,0.97238217631602,True
600,47,20260872,24.015499452375742,62,0.03491780939059141,68,3144.8729000985622,24.68911386692265,600,9,0.0,4.792500054463744,0.9727161364244269,True
600,48,20260873,24.01164469002116,55,0.03492431519809634,68,2950.3000997938216,24.702532818963338,600,9,0.0,4.53380006365478,0.9720316886529221,True
600,49,20260874,24.01509542726384,62,0.03491564080070352,68,3046.9068000093102,24.699511011151472,600,9,4.547473508864641e-13,4.239900037646294,0.9722903184772108,True
600,50,20260875,24.02874757484972,65,0.03492720101161204,68,3022.1414000261575,24.70195934723109,600,9,9.094947017729282e-13,3.5143999848514795,0.9727466245524029,True
600,51,20260876,24.049312841527396,44,0.034924020059927,68,3005.4885998833925,24.70025728079281,600,10,0.0,5.9801999013870955,0.9736462486254508,True
600,52,20260877,24.0114537690042,49,0.03490504894495991,68,3043.8757999800146,24.695877531617228,600,9,0.0,5.567899905145168,0.9722859104019775,True
600,53,20260878,24.03341369103366,67,0.03491875640436482,68,3049.0743000991642,24.689429487251655,600,9,0.0,4.910199902951717,0.9734292849271091,True
600,54,20260879,24.037592799706857,68,0.034925865541671694,68,2948.4814999159425,24.709033409041293,600,9,0.0,4.509699996560812,0.9728261078359808,True
600,55,20260880,24.026298492809413,70,0.03490762286032885,68,3118.8429999165237,24.69212432280763,600,9,0.0,4.373299889266491,0.9730348907492254,True
600,56,20260881,24.043598606422705,56,0.034927947774266464,68,3120.2007001265883,24.703345309292633,600,9,0.0,4.932599840685725,0.9732932242734853,True
600,57,20260882,24.013857288796196,63,0.034908180781372346,68,3124.9759001657367,24.69519811961342,600,9,9.094947017729282e-13,4.21059993095696,0.9724099872567498,True
600,58,20260883,24.02689280265441,49,0.03489463726241795,68,3038.0108000244945,24.712317884909282,600,9,0.0,5.6368999648839235,0.9722638286927576,True
600,59,20260884,24.008835115018876,55,0.03492027042864894,68,3222.0161999575794,24.707591862832423,600,9,0.0,4.752000095322728,0.971718945670918,True
600,60,20260885,24.040126993147553,57,0.03490874176789938,68,3009.790200041607,24.70513047948303,600,9,0.0,4.660699982196093,0.9730823730363316,True
600,61,20260886,24.010371906114823,48,0.03490873682104102,68,3040.034499950707,24.709132445758193,600,9,0.0,5.40950009599328,0.9717205554999837,True
600,62,20260887,24.02699255687311,51,0.0349081050515277,68,3177.5454999879003,24.716590287968135,600,9,9.094947017729282e-13,4.736400209367275,0.9720998032875628,True
600,63,20260888,24.031785105227943,57,0.03490123208790637,68,2989.042599918321,24.691494191489273,600,9,0.0,5.868300097063184,0.9732819293500383,True
600,64,20260889,24.028915438242624,54,0.03492338625188205,68,2993.9536000601947,24.70239217516181,600,9,9.094947017729282e-13,5.597499897703528,0.9727363758075073,True
600,65,20260890,24.045800157326397,60,0.034906190999120366,68,2975.9408000390977,24.689841508326023,600,9,4.547473508864641e-13,3.361700102686882,0.9739147231551714,True
600,66,20260891,24.03357366676606,72,0.03492024059589605,68,3003.456699894741,24.691639262588417,600,9,0.0,6.571600213646889,0.9733486469316994,True
600,67,20260892,24.015280604714306,61,0.034922691817499456,68,3086.5225999150425,24.709615107953148,600,9,-4.547473508864641e-13,4.920200211927295,0.9719002299224256,True
600,68,20260893,24.026014995324843,53,0.03491909458155566,68,3081.1707000248134,24.70311530227449,600,9,0.0,4.009800031781197,0.9725904891482531,True
600,69,20260894,24.016310332423092,53,0.03491612304065064,68,3020.7824998069555,24.707030627213527,600,9,0.0,5.392400082200766,0.9720435731346185,True
600,70,20260895,24.03209343158061,57,0.034918736452199776,68,2967.215900076553,24.702604878060583,600,9,-9.094947017729282e-13,5.1304001826792955,0.9728566501472287,True
600,71,20260896,24.029410097231455,52,0.03492456308514553,68,2991.630299948156,24.69940134696504,600,9,0.0,5.724600050598383,0.9728741907416347,True
600,72,20260897,24.052177940843386,63,0.03492592327302575,68,3091.3666000124067,24.704391906028278,600,9,-9.094947017729282e-13,4.857599968090653,0.9735992706209562,True
600,73,20260898,24.03038757644879,59,0.034915756423879785,68,3008.579099783674,24.70623591128723,600,9,0.0,4.451100016012788,0.9726446255404825,True
600,74,20260899,24.02461236807644,53,0.03489360950984212,68,2872.630599886179,24.706277684611248,600,9,0.0,5.303200101479888,0.972409226301241,True
600,75,20260900,24.026167621291954,66,0.034924773189482,68,3125.3945000935346,24.7006180262361,600,9,9.094947017729282e-13,5.9148999862372875,0.9726949987960719,True
600,76,20260901,24.032430222360457,41,0.03491817750426828,68,3046.7273998074234,24.699734749770204,600,9,0.0,5.3709999192506075,0.9729833322434381,True
600,77,20260902,24.04283619209675,52,0.03489244870997509,68,3021.229699952528,24.707773226851543,600,9,0.0,5.267899949103594,0.9730879416510039,True
600,78,20260903,24.044945210017843,67,0.03490286390381849,68,3241.343399975449,24.690649680102716,600,9,-9.094947017729282e-13,5.661800038069487,0.9738482187204162,True
600,79,20260904,24.049032704605423,61,0.03491678986354799,68,3057.124099927023,24.69777978611734,600,9,0.0,4.168400075286627,0.9737325748658355,True
600,80,20260905,24.017209773741655,49,0.03491589853141588,68,3017.8650999441743,24.68962667199375,600,9,0.0,4.137800075113773,0.9727652059229053,True
600,81,20260906,24.03004131753949,53,0.03490508323942048,68,2958.623700076714,24.69468927159494,600,9,9.094947017729282e-13,5.50259998999536,0.9730853890589358,True
600,82,20260907,24.01176104647543,55,0.034920521183169205,68,2984.5490001607686,24.70830184783544,600,9,0.0,5.96500001847744,0.971809442605582,True
600,83,20260908,24.02757031598327,62,0.03492492851567303,68,3068.3722998946905,24.708840321785353,600,9,0.0,3.4420997835695744,0.9724280865904734,True
600,84,20260909,24.04045052460985,50,0.03492336172615334,68,2999.9124999158084,24.694775754711678,600,9,0.0,4.604600137099624,0.9735034957757417,True
600,85,20260910,24.039812653484116,54,0.03490559297890792,68,3064.926299965009,24.67513929373525,600,10,-4.547473508864641e-13,4.887300077825785,0.9742523585099908,True
600,86,20260911,24.036816969440977,56,0.03491334637540826,68,3267.3370998818427,24.700161240929415,600,9,0.0,3.602399956434965,0.973144131934279,True
600,87,20260912,24.029514038883658,61,0.03490563573771084,68,2993.300399975851,24.71195146413139,600,9,0.0,5.319100106135011,0.9723843167044793,True
600,88,20260913,24.008951474296257,52,0.034917041065916914,68,3138.875999953598,24.711530307519332,600,9,0.0,7.3188000824302435,0.9715687849161939,True
600,89,20260914,23.99419883195194,60,0.034920963951787176,68,3030.901199905202,24.692596649004003,600,9,0.0,5.737599916756153,0.9717163072406064,True
600,90,20260915,24.047683304750077,50,0.03486897651216025,68,3010.5511001311243,24.70398839338633,600,9,-4.547473508864641e-13,4.96329995803535,0.9734332336064424,True
600,91,20260916,24.02255826154718,52,0.03492409951023362,68,3107.476499862969,24.702334762700847,600,9,0.0,5.4645000491291285,0.9724812853649731,True
600,92,20260917,24.029251279044516,54,0.034920426457581095,68,3029.8067999538034,24.705981293232547,600,9,0.0,3.400299930945039,0.9726086567395968,True
600,93,20260918,24.013888860251523,58,0.034926914940222625,68,2977.8018000070006,24.69170660906748,600,9,0.0,4.92609990760684,0.972548768720302,True
600,94,20260919,24.04889571853675,62,0.034923133499950625,68,2921.65490007028,24.709486377520772,600,9,0.0,5.193900084123015,0.9732657065836468,True
600,95,20260920,24.021627247055157,55,0.03491296857461962,68,2947.5544998422265,24.69262404147803,600,9,0.0,5.185400135815144,0.9728260231356639,True
600,96,20260921,24.006560179470252,63,0.03491155696718856,68,3043.0580000393093,24.70392131875847,600,9,0.0,4.7562001273036,0.971771237031965,True
600,97,20260922,24.019966200001463,58,0.03490580861119135,68,3032.8803001902997,24.697323369722337,600,9,0.0,3.7382999435067177,0.9725736607331594,True
600,98,20260923,24.035855279143888,73,0.03491959268751402,68,3090.5814999714494,24.688978394579063,600,10,-4.547473508864641e-13,2.8849998489022255,0.9735459643166693,True
600,99,20260924,24.05187087205445,56,0.034910487834487205,68,3042.024299968034,24.704868918179812,600,9,0.0,5.191999953240156,0.9735680424661216,True
600,100,20260925,24.03280765318537,60,0.03492309286166023,68,2936.748499982059,24.707693438009603,600,9,0.0,5.533299874514341,0.9726851967579455,True
600,101,20260926,24.02297880193493,55,0.03490598859992664,68,3057.5814000330865,24.698740013607054,600,9,0.0,4.422500031068921,0.9726398508061612,True
600,102,20260927,24.03731724589001,52,0.03491460711404033,68,2972.4875001702458,24.715731185521882,600,9,0.0,5.471699871122837,0.9725513303838942,True
600,103,20260928,24.01742287049171,62,0.03490714204384648,68,3017.2383000608534,24.695039496049795,600,9,9.094947017729282e-13,5.415200022980571,0.9725606178655242,True
600,104,20260929,24.023345766476844,66,0.03491781397843165,68,3021.1209999397397,24.68580984232519,600,9,0.0,5.177800077944994,0.9731641748810478,True
600,105,20260930,24.041497307252694,58,0.03491298788371394,68,2960.034499876201,24.688962789542195,600,9,0.0,5.748500116169453,0.9737751039681685,True
600,106,20260931,24.014539785077496,59,0.034919548230537535,68,3088.772499933839,24.69840998367367,600,9,-4.547473508864641e-13,4.583099856972694,0.9723111650082644,True
600,107,20260932,24.043942207746124,62,0.03492264007298283,68,3009.301699930802,24.69966565824194,600,9,0.0,4.943500040099025,0.9734521325280769,True
600,108,20260933,24.017323027222428,54,0.034920871560890854,68,3156.1040999367833,24.696250660780734,600,9,0.0,5.724200047552586,0.9725088782550912,True
600,109,20260934,24.04498537438188,67,0.034910405187443,68,3046.844399999827,24.696557343505614,600,9,0.0,5.105799995362759,0.9736168908054273,True
600,110,20260935,24.02747069071078,54,0.03492349165087567,68,3049.533799989149,24.70773354794548,600,9,0.0,5.604800069704652,0.9724676139996957,True
600,111,20260936,24.015904024977488,62,0.034915139350963,68,3021.6910999733955,24.70267468284339,600,9,9.094947017729282e-13,6.319999927654862,0.9721985304553729,True
600,112,20260937,24.00467184047078,65,0.034920154883686466,68,2929.93209999986,24.674545197069698,600,9,-4.547473508864641e-13,4.651400027796626,0.9728516432117067,True
600,113,20260938,24.003573378550033,56,0.03492259382663878,68,3084.7833999432623,24.686404072500228,600,9,-9.094947017729282e-13,6.1120998580008745,0.9723398072904897,True
600,114,20260939,24.037093364657082,45,0.03492271374577439,68,3105.270800180733,24.72776274342835,600,9,0.0,5.168200004845858,0.972069071272741,True
600,115,20260940,24.054833717814304,61,0.03491928283521666,68,3040.492800064385,24.70823718428962,600,9,0.0,5.606699967756867,0.973555237405169,True
600,116,20260941,24.026864024126688,60,0.03491795090941464,68,3053.598100086674,24.68727485670989,600,9,4.547473508864641e-13,5.4623999167233706,0.9732489375025649,True
600,117,20260942,24.047305133376977,56,0.034913245386367205,68,2994.111599866301,24.695907008505046,600,9,4.547473508864641e-13,5.696600070223212,0.9737364626897609,True
600,118,20260943,24.031312141643813,63,0.03492678982254941,68,3097.978600068018,24.68463287319026,600,9,0.0,5.967899924144149,0.9735333016738518,True
600,119,20260944,24.03138189719752,55,0.034915539508155076,68,2996.625400148332,24.684515894615377,600,9,-4.547473508864641e-13,4.846200114116073,0.9735407410780809,True
600,120,20260945,24.03123245065368,51,0.03492628660259331,68,2986.306899925694,24.71333662707943,600,9,0.0,5.393099971115589,0.9723993491158802,True
600,121,20260946,24.028572430906205,57,0.03492131575930002,68,2969.53979996033,24.699274679220295,600,9,0.0,5.119299981743097,0.9728452654167065,True
600,122,20260947,24.02058898856011,62,0.03491752034792792,68,3004.216199973598,24.687060486661654,600,9,0.0,4.147900035604835,0.973003205526975,True
600,123,20260948,24.024312758257366,57,0.03492316257182585,68,3008.704900043085,24.710241072148015,600,9,0.0,5.104199983179569,0.9722411322541168,True
600,124,20260949,24.03460380675296,49,0.034916998675454274,68,3012.5671999994665,24.690597742536692,600,9,-4.547473508864641e-13,6.1275998596102,0.9734314275164917,True
600,125,20260950,24.018507992133074,47,0.03490920396824694,68,3235.7944000978023,24.704701663903748,600,9,0.0,4.880999913439155,0.9722241668364983,True
600,126,20260951,24.032743823451813,56,0.03492195355581399,68,3018.6749999411404,24.695384652158285,600,9,0.0,4.957300145179033,0.9731674222515679,True
600,127,20260952,24.026343099903183,59,0.034916813389142834,68,2985.031699994579,24.703465383234892,600,9,0.0,5.445100134238601,0.9725899879702206,True
600,128,20260953,24.016250420302374,49,0.034912712971214156,68,3020.57099994272,24.70522228494096,600,9,0.0,5.440799985080957,0.9721122984973688,True
600,129,20260954,24.04618050583406,49,0.03487691066857839,68,2992.5846001133323,24.705217223255875,600,9,-9.094947017729282e-13,5.926900077611208,0.9733239861254309,True
600,130,20260955,24.048641064978437,54,0.03492468018857002,68,3045.401900075376,24.709889625207143,600,9,0.0,4.418199881911278,0.9732395178506119,True
600,131,20260956,24.02559862062148,57,0.03491690870587446,68,3003.29769984819,24.698787669268285,600,9,0.0,5.9315001126378775,0.9727440448632049,True
600,132,20260957,24.011134738406337,64,0.03491385736925612,68,3059.466900071129,24.694124899942928,600,9,0.0,4.158100113272667,0.9723419977705641,True
600,133,20260958,24.046341501970183,52,0.03489243692469449,68,2993.052599951625,24.704310622732876,600,9,9.094947017729282e-13,5.530199967324734,0.9733662221621666,True
600,134,20260959,24.03582644434938,65,0.03490753481009953,68,2943.54430004023,24.68461739519966,600,10,0.0,4.074100172147155,0.9737167912930079,True
600,135,20260960,24.050300474118167,62,0.03492283165212306,68,3053.119100164622,24.702537363396512,600,9,0.0,5.556900054216385,0.9735963605809657,True
600,136,20260961,24.03509338463071,57,0.0349142610904549,68,2999.1588999982923,24.7119131413793,600,9,0.0,5.172899924218655,0.972611600207704,True
600,137,20260962,24.041146440710566,51,0.03490593642423779,68,3044.8961998336017,24.69391479948877,600,9,0.0,5.48629998229444,0.973565618733255,True
600,138,20260963,24.05406423334828,51,0.03488441128639017,68,3138.713899999857,24.695968295804903,600,9,-9.094947017729282e-13,5.2402999717742205,0.9740077386410615,True
600,139,20260964,24.025239767530174,53,0.034899296670827536,68,2943.3804999571294,24.70765206246911,600,9,0.0,5.1512999925762415,0.9723805283798893,True
600,140,20260965,24.01979314477588,64,0.03491760587759647,68,2926.636999938637,24.683256726395282,600,9,0.0,5.090599879622459,0.9731209058442469,True
600,141,20260966,24.02961771735231,74,0.03491585633112909,68,3066.976999863982,24.67638302799838,600,9,0.0,5.550500005483627,0.973790108951047,True
600,142,20260967,24.04284360811247,55,0.03489970301074818,68,2984.1483999043703,24.705512472752062,600,9,0.0,4.927000030875206,0.973177287240228,True
600,143,20260968,24.03283561134148,53,0.034906167711750806,68,2999.676400097087,24.712958750864747,600,9,-4.547473508864641e-13,5.118000088259578,0.9724790889516833,True
600,144,20260969,24.01854556866113,61,0.03491890162564391,68,2917.2658000607044,24.694481359252883,600,9,4.547473508864641e-13,5.6894998997449875,0.9726280628955795,True
600,145,20260970,24.02911762678916,54,0.03492617851862263,68,3177.0847998559475,24.69780923238443,600,9,0.0,4.245399963110685,0.9729250639478394,True
600,146,20260971,24.04765799859032,56,0.03492550173403987,68,3046.0902000777423,24.694672320511117,600,9,0.0,4.874599864706397,0.9737994368370949,True
600,147,20260972,24.0477595890975,60,0.034924474718455424,68,3015.1005000807345,24.69259901941705,600,9,0.0,4.190899897366762,0.9738853156035749,True
600,148,20260973,24.052863445717303,51,0.03490684338996639,68,3036.2005999777466,24.691934617691697,600,9,4.547473508864641e-13,4.957700148224831,0.974118221926746,True
600,149,20260974,24.049162378367537,62,0.034914252916506745,68,3039.179499959573,24.702865178967258,600,9,0.0,5.44469989836216,0.9735373692134991,True
600,150,20260975,24.027113253231754,56,0.034885896158096924,68,3066.8320001568645,24.69037819590169,600,9,4.547473508864641e-13,5.666299955919385,0.9731367038039122,True
600,151,20260976,24.032253652734965,54,0.0349143214699511,68,3124.333099927753,24.68898997634898,600,9,0.0,4.929499933496118,0.973399627759453,True
600,152,20260977,24.038812792299293,70,0.03492103477033249,68,2924.1693997755647,24.6969390190259,600,9,0.0,5.323800025507808,0.9733519110923178,True
600,153,20260978,24.035942579218087,59,0.03492156871445465,68,3117.323699872941,24.686357584962924,600,9,9.094947017729282e-13,5.833199946209788,0.9736528565015594,True
600,154,20260979,24.038819324122585,57,0.03489526668195482,68,3030.2097001112998,24.69107080566909,600,9,0.0,5.136599997058511,0.9735835077109436,True
600,155,20260980,24.034530927668612,53,0.034929009750914876,68,3084.230599924922,24.708249378597984,600,9,0.0,5.568300141021609,0.9727330560491696,True
600,156,20260981,24.040841723427135,60,0.034922553813623754,68,2909.636299824342,24.70657332256804,600,9,4.547473508864641e-13,5.505800014361739,0.9730544745947105,True
600,157,20260982,24.036447642527342,51,0.03492219006460164,68,3151.9035000819713,24.691208647030553,600,9,-9.094947017729282e-13,5.347799975425005,0.9734820188892634,True
600,158,20260983,24.036983893136572,62,0.03490260623857642,68,3048.9151999354362,24.695223107945385,600,9,0.0,4.767199978232384,0.9733454841881128,True
600,159,20260984,24.01954153803218,57,0.03492169023700143,68,2987.863899907097,24.71480667362275,600,9,0.0,3.930100006982684,0.9718684776793094,True
600,160,20260985,24.026158298314996,53,0.034923970447038113,68,3307.499699993059,24.703011083064006,600,10,0.0,4.180199932307005,0.972600393430862,True
600,161,20260986,24.03149778387711,51,0.03492033195619132,68,3087.024699896574,24.717649798693067,600,9,0.0,5.014399997889996,0.9722404022872662,True
600,162,20260987,24.030947427018937,56,0.034917608729519586,68,2949.387100059539,24.70555500927523,600,9,0.0,5.357400048524141,0.9726940932108984,True
600,163,20260988,24.04114572104279,50,0.034913151367989205,68,3049.90529990755,24.706804419161827,600,9,0.0,5.7124001905322075,0.9730576772768406,True
600,164,20260989,24.023486812408105,58,0.03490708131548956,68,3072.856899816543,24.69118006580069,600,9,0.0,5.410199984908104,0.972958228338491,True
600,165,20260990,24.01679223248719,61,0.0349237032975099,68,3208.6999998427927,24.692489460668593,600,10,0.0,5.918199894949794,0.9726355161856934,True
600,166,20260991,24.045696458276947,59,0.03491926613997234,68,2946.0754999890924,24.68713564230337,600,9,4.547473508864641e-13,5.377100082114339,0.9740172698315285,True
600,167,20260992,24.032350494995452,61,0.03490020491861842,68,3151.892199879512,24.685665701982742,600,9,0.0,6.1379000544548035,0.9735346328158848,True
600,168,20260993,24.029531328187378,49,0.03492427195731287,68,3067.839700030163,24.69497927376803,600,9,0.0,6.015400169417262,0.9730533102213406,True
600,169,20260994,24.04288688875931,53,0.034899474287335266,68,3026.961199939251,24.70217182487985,600,10,0.0,5.481000058352947,0.9733106489261598,True
600,170,20260995,24.037976138809253,57,0.03491393314219205,68,3366.424599895254,24.7327412870084,600,9,0.0,6.11760001629591,0.9719090924804161,True
600,171,20260996,24.026409469383115,53,0.034905608714618896,68,3029.7940000891685,24.70019117706705,600,9,-9.094947017729282e-13,4.2375000193715096,0.9727215994866667,True
600,172,20260997,24.03333537497873,59,0.03491872038648833,68,2999.6541999280453,24.679065644050254,600,10,0.0,6.321700057014823,0.9738348980311903,True
600,173,20260998,24.050601834436854,54,0.034913753112153625,68,3039.9831999093294,24.704202791546518,600,10,0.0,5.894500063732266,0.9735429245531729,True
600,174,20260999,24.02751291862219,69,0.03488477626520182,68,2973.925900179893,24.706775568014145,600,9,0.0,4.800500115379691,0.972507029599146,True
600,175,20261000,24.021937643880378,52,0.03491518183020907,68,2982.200500089675,24.69270597009845,600,9,-4.547473508864641e-13,5.903499899432063,0.9728353657541486,True
600,176,20261001,24.02009663353737,60,0.03488488869351261,68,2969.2959000822157,24.693675105348962,600,9,9.094947017729282e-13,5.798699799925089,0.9727226316480658,True
600,177,20261002,24.060626421513113,57,0.03491881864615289,68,3148.9254001062363,24.702266218146715,600,9,0.0,4.657299956306815,0.9740250634914523,True
600,178,20261003,24.04511502303816,52,0.034901021823083696,68,3050.661399960518,24.701895793440244,600,9,4.547473508864641e-13,6.057900143787265,0.9734117261325143,True
600,179,20261004,24.031769245102584,63,0.03490502328747312,68,2971.1466999724507,24.71973935773687,600,9,0.0,4.960899939760566,0.9721692003836212,True
600,180,20261005,24.021743264169153,59,0.03492600829090275,68,3100.800900021568,24.70410059570663,600,9,-9.094947017729282e-13,6.08370010741055,0.9723787826683289,True
600,181,20261006,24.041735650591068,64,0.03489910002273872,68,2936.9196000043303,24.69511514798469,600,9,0.0,4.320800071582198,0.9735421562734871,True
600,182,20261007,24.009938668799162,50,0.03491722397805814,68,3111.5504999179393,24.685321330260876,600,9,4.547473508864641e-13,5.467700073495507,0.9726403131469962,True
600,183,20261008,24.038407644540214,64,0.03492388892546905,68,2967.134000035003,24.68970815416912,600,10,0.0,6.177500123158097,0.9736205666927282,True
600,184,20261009,24.03284164450947,49,0.034920283593636414,68,3028.2167999539524,24.699755788177534,600,9,0.0,5.28510008007288,0.9729991604213643,True
600,185,20261010,24.02595384744695,71,0.03491922390297414,68,3025.3634999971837,24.695657236912187,600,9,0.0,4.341299878433347,0.9728817345073837,True
600,186,20261011,24.050188918550436,62,0.03492197553626118,68,3059.952200157568,24.71680971554353,600,9,4.547473508864641e-13,7.445700000971556,0.973029658573862,True
600,187,20261012,24.012560458778566,56,0.0349125244953139,68,3138.354899827391,24.70819122877629,600,9,0.0,3.226000117138028,0.9718461475566225,True
600,188,20261013,24.033111671032547,48,0.03491718818826179,68,3004.78360010311,24.71063446543452,600,9,0.0,4.872999852523208,0.9725817321546438,True
600,189,20261014,24.041475600724333,63,0.03490117033567262,68,3002.7530998922884,24.697219468810637,600,9,0.0,3.017399925738573,0.9734486763210561,True
600,190,20261015,24.03955649329879,50,0.034922233717321796,68,3133.744099875912,24.69001826640804,600,9,0.0,4.951499868184328,0.9736548686967059,True
600,191,20261016,24.042581754357876,55,0.034891166264098175,68,2988.425299990922,24.68944659627186,600,9,0.0,6.77329977042973,0.9737999456815828,True
600,192,20261017,23.999097658107555,64,0.0349289554186633,68,2991.635400103405,24.6870462487171,600,9,0.0,4.009200027212501,0.9721332157894226,True
600,193,20261018,24.019018054941494,60,0.03492634376649967,68,3037.337499903515,24.691930330819346,600,9,0.0,4.2807001154869795,0.9727476844919672,True
600,194,20261019,24.03793754725048,60,0.03491834150745106,68,2962.68119988963,24.714694368159645,600,9,0.0,5.256500095129013,0.9726172288101995,True
600,195,20261020,24.018012410973938,50,0.03490836356464585,68,3084.077199921012,24.708699977384924,600,10,0.0,5.06600015796721,0.9720467864742722,True
600,196,20261021,24.03999409570774,67,0.03491251021299062,68,2960.2811001241207,24.68202852923038,600,9,-9.094947017729282e-13,6.629199953749776,0.9739877768651677,True
600,197,20261022,24.029224789208268,64,0.03492454809788166,68,3110.876000020653,24.69485005475823,600,9,0.0,5.126400152221322,0.97304598877604,True
600,198,20261023,24.01849984706739,46,0.034915955982117775,68,2951.8273000139743,24.709245154414813,600,9,-4.547473508864641e-13,4.747600061818957,0.9720450664101324,True
600,199,20261024,24.032707227834337,49,0.03492664309261103,68,2972.184699960053,24.691566655881605,600,9,-4.547473508864641e-13,4.037500126287341,0.973316418628693,True
2000,0,20262225,24.391359192220598,113,0.010468159101394616,80,3493.914799997583,24.686205308465976,1535,10,0.0,7.703000213950872,0.9880562398083815,True
2000,1,20262226,24.3952864814206,111,0.010471442425992253,80,3485.609000083059,24.696084039490646,1485,11,0.0,8.276299806311727,0.9878200301882254,True
2000,2,20262227,24.423930842264827,97,0.010471244566317305,80,3563.7184001971036,24.712150958777638,1455,10,0.0,7.989499950781465,0.9883369069332091,True
2000,3,20262228,24.4127600860492,110,0.010474673878463858,80,4174.520399887115,24.703815855329854,1486,10,0.0,8.586599957197905,0.9882181857659104,True
2000,4,20262229,24.39673513559645,100,0.01047337202691721,80,3837.396499933675,24.700950045098843,1496,10,0.0,8.26429994776845,0.9876840806144315,True
2000,5,20262230,24.39139242818164,104,0.010472026308915926,80,3596.0989999584854,24.690857593351396,1527,10,0.0,9.148899931460619,0.9878714149949009,True
2000,6,20262231,24.403047819668902,89,0.010478532214757879,80,3618.7299999874085,24.708395177068095,1435,10,0.0,7.455700077116489,0.9876419591312597,True
2000,7,20262232,24.419476318034555,101,0.010472670324788843,80,3497.97819997184,24.71390827111385,1394,10,0.0,7.150599965825677,0.9880863864246258,True
2000,8,20262233,24.416272629164144,97,0.010471579127705768,80,3607.2060998994857,24.709652275537554,1489,10,0.0,6.206999998539686,0.9881269212896268,True
2000,9,20262234,24.414914991805773,121,0.010476843133302986,80,3698.460299987346,24.702790831243398,1458,10,0.0,7.6540999580174685,0.9883464244423134,True
2000,10,20262235,24.400671059929405,105,0.01047563156779621,80,3552.3546000476927,24.705450791638473,1507,10,0.0,8.368700044229627,0.9876634620319407,True
2000,11,20262236,24.407278359631178,109,0.01046953255550483,80,3529.0125999599695,24.702147965412546,1453,10,0.0,7.943300064653158,0.9880629973476703,True
2000,12,20262237,24.377365168746636,107,0.010473930829745697,80,3527.918500127271,24.694334544224702,1499,10,0.0,9.072500048205256,0.9871642876259569,True
2000,13,20262238,24.404192840030163,99,0.01047735654879833,80,3796.5547000057995,24.69840466514045,1468,10,0.0,8.40359996072948,0.9880878206872389,True
2000,14,20262239,24.412004306868226,106,0.01047863880227207,80,4111.005099955946,24.708864834284604,1476,10,-9.094947017729282e-13,6.738000083714724,0.9879856671114866,True
2000,15,20262240,24.40666530943711,94,0.010470003045448525,80,3570.262499852106,24.70287180156796,1472,11,0.0,7.329100044444203,0.9880092284609577,True
2000,16,20262241,24.409030012234773,106,0.01047433628694921,80,3618.275700137019,24.70892792238819,1498,10,0.0,7.644700119271874,0.9878627712584127,True
2000,17,20262242,24.386002718942883,106,0.010476790163944802,80,3358.934300020337,24.686858395717003,1564,11,0.0,9.843199979513884,0.987813124215663,True
2000,18,20262243,24.389733267714707,112,0.01046960107440113,80,3609.0993001125753,24.695734193262574,1499,11,0.0,7.776699960231781,0.9876091586039443,True
2000,19,20262244,24.38789239893043,116,0.010475759452346679,80,3482.714100042358,24.695230335961835,1517,10,0.0,7.3621999472379684,0.9875547653190401,True
2000,20,20262245,24.384540034174936,103,0.010475045702038747,80,3553.864900022745,24.690884349092073,1518,10,0.0,7.289099972695112,0.9875928172281767,True
2000,21,20262246,24.390291201498975,110,0.010474348536957598,80,3550.1173997763544,24.689068381405498,1510,10,0.0,6.947000045329332,0.9878984020259126,True
2000,22,20262247,24.406807596344716,95,0.010472243757701324,80,3641.5556999854743,24.713552269120303,1441,11,0.0,8.517300011590123,0.9875879974907992,True
2000,23,20262248,24.41067089410606,114,0.010474090056289643,80,3546.932099852711,24.70106088533054,1484,10,0.0,6.518299924209714,0.9882438251307281,True
2000,24,20262249,24.407358091230147,114,0.0104730962404375,80,3498.9910998847336,24.691015670583663,1525,10,0.0,7.546599954366684,0.9885117087471027,True
2000,25,20262250,24.393183417693848,118,0.010471451615679302,80,3672.3446999676526,24.68077352836601,1549,10,0.0,6.300400011241436,0.9883476054613268,True
2000,26,20262251,24.38986096228848,109,0.010473541820530993,80,3492.272899951786,24.683326671603943,1601,11,0.0,7.8050000593066216,0.9881107715657683,True
2000,27,20262252,24.413520829431974,112,0.010472663351676653,80,3626.878899987787,24.707482574054172,1425,10,0.0,5.848600063472986,0.9881023190549209,True
2000,28,20262253,24.401633760519953,103,0.010475348676189626,80,3563.4821001440287,24.70669588365362,1461,10,0.0,5.864900071173906,0.9876526539780861,True
2000,29,20262254,24.425456226865712,114,0.010476790572688193,80,3511.7054998409003,24.711134646531555,1491,10,9.094947017729282e-13,6.317800143733621,0.9884392835961525,True
2000,30,20262255,24.401992239466814,106,0.010474818318090627,80,3790.15180002898,24.706302685795645,1502,10,0.0,5.627000005915761,0.9876828819674509,True
2000,31,20262256,24.398147818760574,99,0.010476271710507405,80,3493.04879992269,24.704647400492767,1525,10,0.0,7.580799981951714,0.9875934443927308,True
2000,32,20262257,24.40246972798539,93,0.010474385504737015,80,3439.431699924171,24.712958488868203,1486,10,-9.094947017729282e-13,7.1835999842733145,0.9874361962359679,True
2000,33,20262258,24.398436164624396,106,0.01046539204111159,80,3539.5477002020925,24.697586093680233,1448,10,0.0,6.582899950444698,0.9878874830956704,True
2000,34,20262259,24.405868877043538,101,0.010475358478783158,80,3813.5917999316007,24.712657680261277,1452,10,0.0,8.522599935531616,0.9875857624385426,True
2000,35,20262260,24.39686211356359,103,0.010473438781266647,80,3621.981400065124,24.694731400905876,1581,10,0.0,5.5633001029491425,0.9879379418019764,True
2000,36,20262261,24.40874292999502,97,0.010471643202889604,80,3497.9205999989063,24.69729353837311,1526,10,-9.094947017729282e-13,7.117500063031912,0.9883165089352905,True
2000,37,20262262,24.415842640310135,98,0.010470108941638795,80,3579.223799984902,24.707722947599244,1478,10,0.0,5.671199876815081,0.9881866771815381,True
2000,38,20262263,24.422420771887193,104,0.010467352615512753,80,3572.229100158438,24.708007273100616,1477,10,0.0,9.085299912840128,0.988441540507221,True
2000,39,20262264,24.40018796586872,108,0.010472231985429075,80,3597.915699938312,24.710107226590008,1490,10,0.0,7.372400024905801,0.9874577937732383,True
2000,40,20262265,24.41500786440041,131,0.01047349710778503,80,3555.5168001446873,24.697392718935582,1522,10,0.0,7.02559994533658,0.9885662078686278,True
2000,41,20262266,24.415645608818178,91,0.010474077148270696,80,3631.8034001160413,24.701528365866835,1471,10,0.0,6.2506000977009535,0.9884265154441335,True
2000,42,20262267,24.402979433515952,102,0.010474339363727356,80,3598.7596998456866,24.707693932089057,1496,10,0.0,6.587499985471368,0.987667222225974,True
2000,43,20262268,24.401416213956793,108,0.01046908794937613,80,3519.471999956295,24.6959081587272,1504,10,0.0,5.632499931380153,0.9880752737304647,True
2000,44,20262269,24.400072960248327,110,0.010476500560801722,80,3617.3844998702407,24.69691738158294,1432,10,0.0,8.053999859839678,0.9879805071722848,True
2000,45,20262270,24.39139637987852,106,0.01047534135707582,80,3573.791400063783,24.688050586018377,1581,10,0.0,6.374799879267812,0.9879838950788661,True
2000,46,20262271,24.403890981413124,99,0.010473946801878863,80,3523.623500019312,24.70981792266167,1477,10,0.0,7.089699851348996,0.9876192150745078,True
2000,47,20262272,24.40289031414941,115,0.010476487877720446,80,3686.14499992691,24.70404175890876,1516,11,0.0,8.04980006068945,0.9878096285742088,True
2000,48,20262273,24.405477588299636,97,0.010472749001432434,80,3557.8030000906438,24.71756718122192,1533,10,0.0,7.505000103265047,0.9873737738575106,True
2000,49,20262274,24.405872003152442,98,0.010478635405124446,80,3500.9381999261677,24.700126201498644,1485,10,0.0,7.89229990914464,0.988086935429166,True
2000,50,20262275,24.40698107572418,109,0.010476398733825686,80,3542.970099952072,24.695575663219014,1566,10,0.0,6.440799916163087,0.9883139153575327,True
2000,51,20262276,24.41335545534847,108,0.010474527051355301,80,3593.452800065279,24.708249353376992,1479,10,0.0,7.431200006976724,0.9880649618752444,True
2000,52,20262277,24.404768534579038,109,0.010477668752354362,80,3604.1840000543743,24.70170603525035,1506,10,0.0,8.759499993175268,0.9879790691279554,True
2000,53,20262278,24.393898513762295,103,0.01047761341049308,80,3609.682000009343,24.702860252083617,1502,10,0.0,8.294599829241633,0.987492875919287,True
2000,54,20262279,24.411510163767083,106,0.010473687314924068,80,4535.951199941337,24.703641354945248,1469,10,9.094947017729282e-13,9.366099955514073,0.9881745696117918,True
2000,55,20262280,24.400829404998298,107,0.010476609103279176,80,4002.688799984753,24.70205317229526,1471,10,0.0,6.951899966225028,0.9878057194195178,True
2000,56,20262281,24.409634652890993,88,0.010475431321296701,80,3572.678599972278,24.70026717681025,1382,10,0.0,7.863899925723672,0.988233628331271,True
2000,57,20262282,24.39847583427033,100,0.010472280828614637,80,3468.2234001811594,24.705184152708085,1512,10,0.0,8.095599943771958,0.9875852648358366,True
2000,58,20262283,24.399911231850204,111,0.010478434578207973,80,3613.3179999887943,24.69233630306202,1539,10,0.0,5.781699903309345,0.9881572538287697,True
2000,59,20262284,24.403582978505455,83,0.010475398439412123,80,3571.5077000204474,24.714623241421343,1415,10,0.0,6.905699847266078,0.9874147277149429,True
2000,60,20262285,24.405148170710685,110,0.01046860603204639,80,3578.5703000146896,24.702434668813424,1457,10,0.0,5.946099990978837,0.9879652956443982,True
2000,61,20262286,24.3990172996329,98,0.010469330222780827,80,3554.655000101775,24.70233764258203,1416,10,0.0,8.819299982860684,0.9877209862751505,True
2000,62,20262287,24.400768573957258,127,0.010476261135703593,80,3565.404700115323,24.699318034379434,1523,10,0.0,6.938199978321791,0.9879126435796074,True
2000,63,20262288,24.389667050295014,107,0.010473885866883147,80,3609.374799998477,24.694598081716542,1538,10,0.0,7.616500137373805,0.9876519135718473,True
2000,64,20262289,24.406953124788146,105,0.010475489062579104,80,3532.983000157401,24.693450337609562,1519,10,0.0,8.343199966475368,0.988397846031866,True
2000,65,20262290,24.392573807633347,115,0.010469779884323944,80,3538.1398999597877,24.680688117108833,1499,11,0.0,8.1515999045223,0.988326325906782,True
2000,66,20262291,24.405357158502706,97,0.010475940660307107,80,3611.6041000932455,24.706048313480903,1486,10,0.0,7.57379992865026,0.9878292492930112,True
2000,67,20262292,24.395997618872972,110,0.010474247788455937,80,3493.4049998410046,24.706601705657956,1489,10,0.0,7.8204001765698195,0.9874282958666123,True
2000,68,20262293,24.3951977496803,107,0.01047510818295999,80,3529.9581000581384,24.695810396615162,1469,10,0.0,8.03599995560944,0.987827382778414,True
2000,69,20262294,24.381486385031977,112,0.010474750745331437,80,3620.913299964741,24.682857175497272,1501,10,0.0,8.148999884724617,0.9877902793699075,True
2000,70,20262295,24.39708150530497,99,0.0104726605195835,80,3572.9461000300944,24.707379699422997,1400,11,0.0,7.739099906757474,0.9874410723478997,True
2000,71,20262296,24.403187319906348,117,0.010471195173948115,80,3506.0652000829577,24.697312596461007,1535,10,0.0,9.564999956637621,0.9880907983244782,True
2000,72,20262297,24.398650831668032,105,0.010470829936190354,80,3662.256499985233,24.701643975338285,1459,10,0.0,7.105199852958322,0.9877338875107763,True
2000,73,20262298,24.388025233031858,98,0.010476945392553137,80,3626.687000039965,24.695717746015106,1521,10,0.0,7.086600176990032,0.9875406531550233,True
2000,74,20262299,24.41585083914554,98,0.010473664549634124,80,3505.6803999468684,24.699559530260416,1444,10,0.0,6.6877000499516726,0.9885136133392464,True
2000,75,20262300,24.40569813890385,113,0.010472759568715764,80,3587.1252999641,24.69495610277947,1467,11,0.0,8.037099847570062,0.9882867593417968,True
2000,76,20262301,24.401797477209417,110,0.01047483626197556,80,3623.0923999100924,24.7035620852553,1503,10,0.0,7.862300146371126,0.9877845710264596,True
2000,77,20262302,24.410459569383946,101,0.010471342247085978,80,3612.4819999095052,24.700064034597947,1420,11,0.0,8.0850999802351,0.9882751532624229,True
2000,78,20262303,24.41185556495144,104,0.01047572086367954,80,3580.7705000042915,24.705605259717156,1460,10,0.0,5.481899948790669,0.9881099980479054,True
2000,79,20262304,24.419660711290867,100,0.010475931414052614,80,3628.8071000017226,24.708345410102712,1412,10,0.0,6.912300130352378,0.9883163079510048,True
2000,80,20262305,24.388594689640932,101,0.010473932517555622,80,3614.3865999765694,24.694349259944307,1489,10,0.0,7.0418999530375,0.9876184398671591,True
2000,81,20262306,24.37912828500863,117,0.010470233766624334,80,3573.3525999821723,24.673654495325497,1579,10,0.0,5.75020001269877,0.9880631298305378,True
2000,82,20262307,24.40628023767554,112,0.010473135387940086,80,3608.43180003576,24.703653455482723,1481,10,0.0,7.375499932095408,0.9879623789921168,True
2000,83,20262308,24.386430944071076,99,0.010469788280404091,80,3565.91030000709,24.69193970477499,1496,10,0.0,7.1437000297009945,0.9876271866707648,True
2000,84,20262309,24.394354985812456,106,0.010475350384662708,80,3502.2828998044133,24.6873316318512,1562,10,0.0,7.526000030338764,0.9881325106168724,True
2000,85,20262310,24.421237988176653,97,0.0104779351345053,80,3529.684499837458,24.708596987263142,1476,10,0.0,5.567600019276142,0.9883700802908956,True
2000,86,20262311,24.401534747883915,96,0.010478097834125026,80,3782.773500075564,24.705613286434158,1540,10,0.0,6.108999950811267,0.9876919251092944,True
2000,87,20262312,24.404189043982086,106,0.010475685009732715,80,3620.973999844864,24.69452652455902,1425,10,0.0,7.294199895113707,0.9882428407652121,True
2000,88,20262313,24.392481624261457,118,0.010477276570998922,80,3578.495000023395,24.695375378077994,1437,10,0.0,8.04980006068945,0.9877347985531973,True
2000,89,20262314,24.4133680898911,96,0.010473451847340678,80,3584.6114000305533,24.707651823383966,1472,10,0.0,7.49400001950562,0.9880893686054639,True
2000,90,20262315,24.410462417572184,92,0.010476810078654933,80,3598.2516000512987,24.70915067046297,1521,10,0.0,7.527000037953258,0.9879118365145656,True
2000,91,20262316,24.399230177239208,110,0.01047316924115311,80,3610.4048998095095,24.70148765579387,1505,11,0.0,7.488500094041228,0.9877635921056048,True
2000,92,20262317,24.390480445428686,133,0.010477613043980935,80,3556.901500094682,24.68300363968155,1646,10,0.0,7.343200035393238,0.9881488007487633,True
2000,93,20262318,24.404627427932315,97,0.010477492220534356,80,3516.6018998716027,24.707083997590438,1493,10,0.0,7.5477000791579485,0.9877583056872425,True
2000,94,20262319,24.3878844885945,111,0.01047370037235281,80,3606.7361999303102,24.698731971786934,1528,10,0.0,10.068200062960386,0.9874144355448081,True
2000,95,20262320,24.421583738271455,105,0.010477025713320121,80,3585.695000132546,24.71399172855544,1540,10,0.0,7.522299885749817,0.9881683220786173,True
2000,96,20262321,24.424029622101237,114,0.010468136641072589,80,3622.0235999207944,24.708395238138174,1473,10,0.0,7.391700055450201,0.9884911337504425,True
2000,97,20262322,24.39652428330411,110,0.010470051099502886,80,3557.921400060877,24.700463511813428,1498,10,0.0,5.748700117692351,0.9876949989880168,True
2000,98,20262323,24.41503985855321,106,0.010476675321005298,80,3625.642800005153,24.712764350031613,1461,10,9.094947017729282e-13,8.863000199198723,0.9879526026606562,True
2000,99,20262324,24.422169699163067,104,0.010462824361955683,80,3572.102499892935,24.705898843784627,1465,10,0.0,5.422100191935897,0.9885157327642448,True
2000,100,20262325,24.413544044199856,113,0.01047156115219096,80,3593.428899999708,24.70644999117507,1459,10,-9.094947017729282e-13,8.605999872088432,0.9881445554873388,True
2000,101,20262326,24.407004825298813,95,0.010473510903588916,80,3553.3583001233637,24.699311947200155,1482,10,0.0,5.489900009706616,0.9881653738968029,True
2000,102,20262327,24.382716838041766,103,0.010474757084308511,80,3624.473800184205,24.691617048853782,1515,10,0.0,8.252500090748072,0.9874896727014338,True
2000,103,20262328,24.403357821466535,111,0.010475665723547469,80,3612.287300173193,24.703581872565145,1461,10,0.0,8.089400129392743,0.9878469424941155,True
2000,104,20262329,24.40902371760303,107,0.010471551016804678,80,3509.0564999263734,24.700265913535244,1514,10,0.0,8.498100098222494,0.9882089449177703,True
2000,105,20262330,24.41366811087336,94,0.010476084606538401,80,3600.550000090152,24.709214033162663,1465,10,0.0,6.967700086534023,0.9880390399349552,True
2000,106,20262331,24.405206946773752,107,0.010475000515385682,80,3519.018799997866,24.71030242122226,1525,10,0.0,7.48499995097518,0.9876531064149795,True
2000,107,20262332,24.385822992409242,103,0.01047276726084715,80,3590.65099991858,24.69748552228694,1482,10,0.0,7.290299981832504,0.9873807991669251,True
2000,108,20262333,24.395122012302178,119,0.010477754069582281,80,3594.84070003964,24.695537272025085,1497,10,0.0,6.812399951741099,0.9878352409824582,True
2000,109,20262334,24.41486366660301,118,0.010476572269417594,80,3566.853699972853,24.706560587209754,1493,10,0.0,7.76659999974072,0.9881935439950411,True
2000,110,20262335,24.405273721365923,113,0.010472430982182842,80,3527.301099849865,24.704509218954087,1527,10,0.0,7.041600067168474,0.9878874137941351,True
2000,111,20262336,24.417023400119373,92,0.010470567360477906,80,3518.7159997876734,24.70771442140524,1419,10,0.0,6.384300068020821,0.9882348073023691,True
2000,112,20262337,24.397721383785722,103,0.010473430874825457,80,3592.054800130427,24.68870038824128,1521,10,0.0,5.402799928560853,0.9882140817507695,True
2000,113,20262338,24.40863877533544,106,0.010477759494927547,80,3555.7206999510527,24.7168191778056,1454,10,0.0,7.890000008046627,0.9875315508741962,True
2000,114,20262339,24.430339074757647,104,0.010477005526032692,80,3540.1041998993605,24.720681030155152,1431,10,0.0,7.28919985704124,0.9882550988363413,True
2000,115,20262340,24.41741684284764,97,0.010477562799007727,80,3645.314200082794,24.71678382882897,1408,10,0.0,7.15620000846684,0.9878881092275381,True
2000,116,20262341,24.406642584316277,88,0.010471865083983747,80,3637.854800093919,24.708848502985617,1458,10,9.094947017729282e-13,9.142500115558505,0.9877693240689535,True
2000,117,20262342,24.38330358097634,106,0.010475105286797156,80,3630.738199921325,24.6862093408098,1517,10,0.0,7.220899919047952,0.9877297581150819,True
2000,118,20262343,24.386331762474356,101,0.010474922028862757,80,3524.771000025794,24.70285167982512,1489,10,0.0,7.342899916693568,0.9871869077524654,True
2000,119,20262344,24.39857485537881,95,0.01046947267786545,80,3568.086100043729,24.678189280513603,1519,10,0.0,7.0958000142127275,0.9886695728784453,True
2000,120,20262345,24.408316331590747,101,0.010476148689708229,80,3568.6627000104636,24.706219669437633,1478,10,0.0,8.592099882662296,0.9879421723827947,True
2000,121,20262346,24.40716916732798,105,0.01047212731172584,80,3578.533499967307,24.711544057665186,1469,10,-9.094947017729282e-13,8.079199818894267,0.9876828866044575,True
2000,122,20262347,24.382507251680007,91,0.010472999328143353,80,3640.9169998951256,24.688584550714193,1480,10,0.0,6.077900063246489,0.9876024768286956,True
2000,123,20262348,24.39878858796868,116,0.010471853095141074,80,3562.504000030458,24.696860819312153,1541,10,0.0,5.514099961146712,0.987930764418837,True
2000,124,20262349,24.4026587530215,109,0.010472928807666811,80,3593.5128999408334,24.70602824432562,1477,10,0.0,8.823199896141887,0.9877208311953664,True
2000,125,20262350,24.402988178889576,109,0.010469410900663391,80,3531.8774001207203,24.694947315632216,1562,10,0.0,6.931600160896778,0.9881773735731832,True
2000,126,20262351,24.409488718232094,114,0.01047301869498811,80,3542.06859995611,24.698463363559505,1453,11,0.0,9.171299869194627,0.9882998937596349,True
2000,127,20262352,24.39472787670066,117,0.01047434472917763,80,3610.979000106454,24.695406815268026,1495,11,0.0,8.50460003130138,0.9878244994781188,True
2000,128,20262353,24.388187668201283,118,0.010475199223837005,80,3588.4827999398112,24.69302915738546,1502,11,0.0,8.20080004632473,0.9876547552249983,True
2000,129,20262354,24.393656449281444,95,0.010475770593441302,80,3557.0087002124637,24.693145617036155,1528,10,0.0,7.617600029334426,0.987871566774057,True
2000,130,20262355,24.408132934512448,105,0.010476080139827003,80,3581.6935000475496,24.711765008343782,1503,10,0.0,8.382400032132864,0.987713055958212,True
2000,131,20262356,24.393835559030812,114,0.0104769079829316,80,3534.34280003421,24.695714368776123,1520,10,0.0,6.233899854123592,0.9877760648978435,True
2000,132,20262357,24.404696921260367,108,0.010471147287793985,80,3674.59089984186,24.69179190394067,1470,10,0.0,6.277899956330657,0.9883728575148698,True
2000,133,20262358,24.402769857849723,107,0.010473670407728147,80,3584.198399912566,24.686456008920658,1645,10,0.0,6.895099999383092,0.9885084294412927,True
2000,134,20262359,24.41166040456068,104,0.010475162546221438,80,3478.4995999652892,24.706774228591716,1436,10,-9.094947017729282e-13,7.476300001144409,0.9880553478450652,True
2000,135,20262360,24.400572100995664,103,0.010477118293172927,80,3570.881500141695,24.70098145200457,1494,10,0.0,7.525799795985222,0.9878381613462356,True
2000,136,20262361,24.404467857391957,93,0.010476110540548507,80,3586.28090005368,24.701808909146703,1503,10,0.0,7.017400115728378,0.987962782286578,True
2000,137,20262362,24.398516024437637,99,0.010473416929057278,80,3555.9453000314534,24.69318239796673,1469,10,4.547473508864641e-13,8.439900120720267,0.9880668935749101,True
2000,138,20262363,24.400266207255868,94,0.010477040584145258,80,3490.220000036061,24.69972364547981,1519,10,0.0,7.8795000445097685,0.9878760814281926,True
2000,139,20262364,24.41142316544499,93,0.010467149414156234,80,3560.316300019622,24.720357061876935,1415,10,0.0,6.798099959269166,0.9875028546044597,True
2000,140,20262365,24.40116387592673,109,0.01047713564817906,80,3717.863299883902,24.701158580194274,1506,10,0.0,8.102500112727284,0.9878550350869743,True
2000,141,20262366,24.396684629827217,110,0.010478551851331818,80,3569.795100018382,24.70029271558616,1443,11,0.0,6.978199817240238,0.9877083203322784,True
2000,142,20262367,24.39432141774688,104,0.010473424704209193,80,3549.5267999358475,24.696327642923748,1513,10,0.0,7.737400010228157,0.9877712091634239,True
2000,143,20262368,24.400926301163206,107,0.010474170779137183,80,3624.793600058183,24.713576829014738,1513,10,0.0,6.682399893179536,0.9873490377368416,True
2000,144,20262369,24.419873815147312,92,0.01047867414890294,80,3573.4148998744786,24.705187568270304,1471,10,0.0,8.620799984782934,0.988451261406757,True
2000,145,20262370,24.402679765314932,118,0.010474423782641216,80,3558.8261999655515,24.704169395519248,1479,11,0.0,9.155599866062403,0.9877960021493781,True
2000,146,20262371,24.40567107072269,116,0.010478167414602084,80,3579.6171999536455,24.70642621110547,1513,10,0.0,7.555400021374226,0.9878268456225534,True
2000,147,20262372,24.41044550362661,120,0.010473305079938905,80,3528.670199913904,24.70715593806038,1517,10,0.0,6.386900087818503,0.9879909110066084,True
2000,148,20262373,24.416472375360456,94,0.010474865134173762,80,3497.4182001315057,24.715389622424233,1415,10,0.0,5.604300182312727,0.9879056227059204,True
2000,149,20262374,24.394348816752675,103,0.010476529948073571,80,3633.8456999510527,24.704105451766328,1458,10,0.0,8.17959988489747,0.9874613296312859,True
2000,150,20262375,24.383058889354132,116,0.010477896515955857,80,3493.8290000427514,24.692680007241663,1503,10,0.0,7.8223999589681625,0.9874610160664323,True
2000,151,20262376,24.41067281177466,104,0.010477784128846706,80,3569.3496998865157,24.71725575310353,1393,11,0.0,7.447100011631846,0.9875964004907635,True
2000,152,20262377,24.397038828803048,106,0.010474943350249745,80,3546.0918000899255,24.704985949736983,1497,10,0.0,6.185199832543731,0.9875350214098295,True
2000,153,20262378,24.411839770260112,107,0.010473809126362576,80,3584.935599938035,24.70157544945057,1514,10,0.0,5.0068998243659735,0.9882705587024855,True
2000,154,20262379,24.405574549075805,100,0.010475037598512487,80,3599.0805998444557,24.702843116170015,1490,10,0.0,7.947999984025955,0.9879662204995495,True
2000,155,20262380,24.42039921067992,113,0.01047580403913478,80,3530.626399908215,24.716955170810493,1476,10,0.0,7.544000167399645,0.9880019218353889,True
2000,156,20262381,24.40803096113986,96,0.01047606451770951,80,3603.114499943331,24.697862418856566,1501,10,0.0,7.810999872162938,0.9882649173114099,True
2000,157,20262382,24.390442314798392,104,0.010475044563527883,80,3681.744399946183,24.685609281463048,1515,10,0.0,6.437300005927682,0.9880429539615899,True
2000,158,20262383,24.416056201058353,106,0.010469285658802561,80,3603.241299977526,24.698637034716338,1492,10,0.0,7.617500144988298,0.9885588490870654,True
2000,159,20262384,24.406719651468414,110,0.010477719219889211,80,3557.739600073546,24.712669981979825,1475,10,9.094947017729282e-13,7.130499929189682,0.9876196974776701,True
2000,160,20262385,24.39081773335907,104,0.010475678318646894,80,3525.1136000733823,24.696771860489118,1561,10,0.0,6.1617998871952295,0.9876115741418203,True
2000,161,20262386,24.405313667507485,99,0.010477316065801674,80,3675.123800057918,24.70733057868898,1479,11,0.0,7.22140003927052,0.9877762225174582,True
2000,162,20262387,24.376513472751128,107,0.010475748901476938,80,3508.84240004234,24.673370081242187,1565,10,0.0,5.943200085312128,0.9879685422982918,True
2000,163,20262388,24.39246211484986,111,0.01047737123287328,80,3628.941300092265,24.690600434634156,1502,10,0.0,8.474500151351094,0.987925027559634,True
2000,164,20262389,24.40480614710756,105,0.010477991505282816,80,3701.504500117153,24.711189342620113,1490,10,0.0,6.698800018057227,0.9876014387140758,True
2000,165,20262390,24.41601506148993,102,0.01047207506799212,80,3568.261999869719,24.703253535899723,1503,10,0.0,7.447599899023771,0.9883724435733792,True
2000,166,20262391,24.399370085968037,99,0.010474808967864195,80,3534.7283000592142,24.694514737361757,1551,10,0.0,8.299600100144744,0.988048169622577,True
2000,167,20262392,24.4122760820577,107,0.010478000335477071,80,3473.101899959147,24.702835960543272,1479,10,0.0,7.3726000264286995,0.9882377926587187,True
2000,168,20262393,24.39448996071947,89,0.010475756935230868,80,3656.4611000940204,24.68849237485263,1585,11,0.0,8.270099991932511,0.9880915201435051,True
2000,169,20262394,24.390871900641436,90,0.010473167945957098,80,3545.8436999469995,24.70025305318634,1477,11,0.0,9.308299981057644,0.9874745755892167,True
2000,170,20262395,24.382688489279168,113,0.01047822620375821,80,3702.784099848941,24.678839258194717,1586,10,9.094947017729282e-13,5.577299976721406,0.9879998096418894,True
2000,171,20262396,24.393955768143478,114,0.010476960753286699,80,3554.142000153661,24.69712465915877,1492,10,0.0,7.941699819639325,0.9877245268346303,True
2000,172,20262397,24.410256282281967,95,0.010474277163690298,80,3567.378600127995,24.71091818061032,1484,10,0.0,7.834599819034338,0.987832831781853,True
2000,173,20262398,24.4072115934039,100,0.010470890065342178,80,3518.1155998725444,24.709688002040657,1456,10,0.0,7.6997000724077225,0.9877587928827035,True
2000,174,20262399,24.410792468311783,112,0.010476171546954691,80,3724.9203000683337,24.707360232857212,1460,10,0.0,8.82849982008338,0.9879967846928853,True
2000,175,20262400,24.420019348100098,108,0.010466984621195715,80,3568.7194999773055,24.702000590107026,1437,10,0.0,7.660799892619252,0.988584679974469,True
2000,176,20262401,24.409864123844127,104,0.010472642259449863,80,3634.2764000874013,24.715364605429148,1479,10,0.0,7.632599910721183,0.9876392484407083,True
2000,177,20262402,24.40039856257551,111,0.01047480502405152,80,3652.6102998759598,24.69399844366539,1491,10,0.0,5.781899904832244,0.9881104762454865,True
2000,178,20262403,24.421239606031754,128,0.010469376475844453,80,3556.5770999528468,24.709000843033383,1490,11,0.0,7.154099876061082,0.9883539913722266,True
2000,179,20262404,24.408952945225046,98,0.010476783893930183,80,3465.850699925795,24.709818829287265,1479,10,0.0,7.162699941545725,0.9878240352088046,True
2000,180,20262405,24.38490262060147,118,0.010476052982792248,80,3835.737699875608,24.680895529731327,1554,10,0.0,7.3830001056194305,0.9880072054608676,True
2000,181,20262406,24.409893182166698,98,0.010473807952516867,80,3524.5614000596106,24.704578783290362,1457,10,0.0,7.922800024971366,0.9880716200948554,True
2000,182,20262407,24.407989249616897,100,0.010471195677495666,80,3562.980300048366,24.6946015397101,1486,10,-9.094947017729282e-13,8.523799944669008,0.9883937268786331,True
2000,183,20262408,24.40411741293624,106,0.01047415080390826,80,3770.837400108576,24.71199216780491,1536,11,0.0,11.061199940741062,0.9875414837954759,True
2000,184,20262409,24.40779706866611,108,0.0104782777432676,80,3530.0247999839485,24.685752717199037,1555,10,0.0,5.3415000438690186,0.9887402401005472,True
2000,185,20262410,24.41164093008179,117,0.010476117037967305,80,3629.6858999412507,24.701495242968875,1575,10,0.0,6.152300164103508,0.988265717923712,True
2000,186,20262411,24.406892629658415,104,0.010467605191818335,80,3669.2411999683827,24.699811124110745,1486,11,0.0,9.032800095155835,0.9881408609571756,True
2000,187,20262412,24.40261326649567,104,0.010471247678101987,80,3541.786399902776,24.699162299950697,1467,10,-9.094947017729282e-13,7.889000000432134,0.987993559058656,True
2000,188,20262413,24.402778130516573,105,0.010477122887165853,80,3631.791800027713,24.69642994916818,1530,10,0.0,7.3154999408870935,0.9881095437981918,True
2000,189,20262414,24.404342058764424,112,0.010477574082036077,80,3591.850999975577,24.70483778921366,1452,10,0.0,5.604200065135956,0.9878365633074331,True
2000,190,20262415,24.418487462647175,99,0.010478261883792524,80,3591.9613998848945,24.71214165147279,1480,10,0.0,7.402400020509958,0.9881170077054768,True
2000,191,20262416,24.415477955467097,96,0.010473428264916212,80,3626.3023000210524,24.718529680886434,1447,11,0.0,7.806099951267242,0.9877398967765598,True
2000,192,20262417,24.406733986402056,112,0.010474579487969411,80,3556.2290002126247,24.702962948402472,1545,11,0.0,8.99500004015863,0.9880083631012541,True
2000,193,20262418,24.411740310256768,99,0.010476029019723486,80,3570.410900050774,24.70835652933605,1496,10,0.0,7.7529000118374825,0.9879953076309582,True
2000,194,20262419,24.402364897725718,124,0.010470851143254096,80,3563.64219984971,24.69217955431489,1515,10,0.0,7.8270998783409595,0.9882628969244424,True
2000,195,20262420,24.402480573625283,119,0.010476337157740148,80,3645.6241998821497,24.698319598046595,1516,10,0.0,7.06679979339242,0.9880218966619612,True
2000,196,20262421,24.41402932320312,107,0.01047390036466884,80,3562.047200044617,24.70289511058131,1574,10,0.0,7.228200091049075,0.9883063994691677,True
2000,197,20262422,24.39480202876414,113,0.010478219274424265,80,3582.403799984604,24.700485492606905,1491,10,9.094947017729282e-13,7.100100163370371,0.9876243945110205,True
2000,198,20262423,24.398263388272174,101,0.010467380915510523,80,3494.801599998027,24.703469705746425,1479,10,0.0,5.898699862882495,0.9876452044546902,True
2000,199,20262424,24.415922529523094,105,0.0104783451871805,80,3620.8773001562804,24.706190713231184,1498,10,0.0,5.263199796900153,0.9882511963468071,True
10000,0,20270225,24.617585674970776,216,0.0020947320867762556,97,4330.340199870989,24.697781373280108,1483,11,0.0,13.193400111049414,0.9967529189323826,True
10000,1,20270226,24.60791602937846,210,0.002095679782980054,97,4272.985100047663,24.69889010629186,1525,10,0.0,13.864400098100305,0.9963166734812012,True
10000,2,20270227,24.609597559621445,200,0.002094725697663099,97,4312.843300169334,24.69675265243785,1557,11,0.0,13.77890002913773,0.9964709897676445,True
10000,3,20270228,24.63506848836229,222,0.0020933388368473958,97,4424.485399853438,24.716492808580043,1490,11,0.0,12.689199997112155,0.9967056685247234,True
10000,4,20270229,24.615116854528164,217,0.0020954910697363383,97,4397.279200144112,24.693920759268263,1487,11,0.0,13.6867999099195,0.9968087730778629,True
10000,5,20270230,24.62915604605999,214,0.0020951379157406395,97,4258.8116999249905,24.71311988917949,1443,11,0.0,12.353699887171388,0.9966024587953274,True
10000,6,20270231,24.61691966863789,212,0.0020952974866932424,97,4387.2519000433385,24.705324922483285,1442,11,0.0,14.756500022485852,0.9964216113682868,True
10000,7,20270232,24.62722090546594,240,0.0020941442959413483,97,4318.86149989441,24.706141691921786,1528,11,0.0,15.037700068205595,0.9968056207464538,True
10000,8,20270233,24.612143238466256,226,0.002094547509575627,97,4235.773400170729,24.6998175356691,1541,11,0.0,13.749599922448397,0.9964504070900024,True
10000,9,20270234,24.61138098461396,215,0.0020955674690864468,97,4335.443099960685,24.69987336016421,1539,10,0.0,13.021399965509772,0.9964172943618014,True
10000,10,20270235,24.631161403922277,199,0.0020941144618672764,97,4301.021700026467,24.715889316816074,1471,11,0.0,12.900299858301878,0.996571925379349,True
10000,11,20270236,24.613648189301568,237,0.002095288462249154,97,4327.344699995592,24.702965875974673,1520,11,0.0,13.664599973708391,0.9963843334795692,True
10000,12,20270237,24.61152345883571,226,0.002095175216047193,97,4227.003599982709,24.697517967091624,1552,10,-9.094947017729282e-13,11.515700025483966,0.9965180910741517,True
10000,13,20270238,24.619369813578338,213,0.002094725228300738,97,4347.428699955344,24.70585198401443,1448,11,0.0,14.050599886104465,0.9964995268937882,True
10000,14,20270239,24.629877431027307,213,0.0020942065107853675,97,4188.123699976131,24.713231526109922,1463,10,9.094947017729282e-13,13.010600116103888,0.9966271470813297,True
10000,15,20270240,24.623118386025325,225,0.0020952318324449657,97,4257.711400045082,24.710133865914617,1449,11,0.0,13.382300036028028,0.9964785508503731,True
10000,16,20270241,24.605039506727863,225,0.0020951722992689392,97,4413.199099944904,24.69044737628886,1489,11,0.0,12.458099983632565,0.9965408537051047,True
10000,17,20270242,24.60793850708955,197,0.0020954452130096616,97,4249.868300044909,24.697120406010516,1489,11,0.0,13.78510007634759,0.9963889758216807,True
10000,18,20270243,24.60915298363318,236,0.0020946154899063266,97,4265.943499980494,24.698927936077887,1534,11,0.0,12.64390000142157,0.9963652287792795,True
10000,19,20270244,24.6101756844197,230,0.0020948417435020105,97,4248.532300116494,24.695354967501654,1545,11,0.0,13.578800018876791,0.9965507973789385,True
10000,20,20270245,24.593170343022056,228,0.002094803832244889,97,4356.67710006237,24.684986445388596,1552,11,0.0,12.61620013974607,0.9962804880379551,True
10000,21,20270246,24.629161179241084,189,0.002095029992306214,97,4232.436100021005,24.711485273711382,1411,11,0.0,14.159099897369742,0.9966685897849339,True
10000,22,20270247,24.605349054628952,212,0.0020950866982948012,97,4358.560800086707,24.696000764464337,1511,11,0.0,13.952600071206689,0.9963292959576748,True
10000,23,20270248,24.632802716316938,219,0.0020956097281348497,97,4442.771899979562,24.713744925254865,1459,11,0.0,13.029299909248948,0.9967248100527568,True
10000,24,20270249,24.61198164899418,206,0.002095282687237374,97,4381.208299892023,24.702136920483355,1427,11,0.0,13.653599889948964,0.9963503047619165,True
10000,25,20270250,24.62975728605487,217,0.002094975259352528,97,4292.236899957061,24.713504890223117,1455,11,0.0,13.166300021111965,0.9966112615535411,True
10000,26,20270251,24.608252812991203,225,0.002095283718276269,97,4233.64880005829,24.692267597370126,1521,11,0.0,13.646299950778484,0.9965975265719269,True
10000,27,20270252,24.59730010039777,238,0.0020945982742369552,97,4352.011400042102,24.687740147818708,1604,11,0.0,13.957499992102385,0.9963366413094343,True
10000,28,20270253,24.617648552733222,223,0.002095391426842666,97,4251.023999880999,24.69957873304337,1520,11,0.0,12.921800138428807,0.9966829320776819,True
10000,29,20270254,24.611195011388276,230,0.0020950179331291176,97,4295.512499986216,24.69680044536904,1547,11,0.0,14.152899850159883,0.9965337439491351,True
10000,30,20270255,24.6043133719128,215,0.00209535533583722,97,4428.973600035533,24.688184011959905,1534,10,0.0,11.627700179815292,0.9966028023767777,True
10000,31,20270256,24.605475755998324,216,0.002095616394279347,97,4287.228300003335,24.697544923897187,1525,11,0.0,12.91349995881319,0.9962721327896127,True
10000,32,20270257,24.62151337738681,222,0.0020950004302405646,97,4324.481900082901,24.706301220900222,1475,10,-9.094947017729282e-13,12.600200017914176,0.996568169279759,True
10000,33,20270258,24.627007512142026,223,0.002093732280747367,97,4264.948799973354,24.709159105209913,1424,11,0.0,13.776300009340048,0.9966752574331611,True
10000,34,20270259,24.619631795964956,212,0.002094756401858824,97,4303.6338000092655,24.705628771827566,1443,11,0.0,12.391000054776669,0.9965191342970119,True
10000,35,20270260,24.621377745493028,214,0.0020956011833466325,97,4226.9308001268655,24.705476194066904,1550,11,0.0,12.830199906602502,0.9965959592151447,True
10000,36,20270261,24.617108018708784,200,0.0020939608267536193,97,4321.053299820051,24.69922347951129,1459,10,9.094947017729282e-13,11.541000101715326,0.9966753828973359,True
10000,37,20270262,24.6244282751787,191,0.002095518081445175,97,4333.218399900943,24.711372421853074,1440,11,0.0,13.609100133180618,0.996481614003863,True
10000,38,20270263,24.62939834645739,219,0.0020951730775149143,97,4301.981199998409,24.715065264784368,1411,10,0.0,12.351599987596273,0.9965338178390715,True
10000,39,20270264,24.611470799419703,214,0.0020950667423536296,97,4265.520700020716,24.695726741723163,1493,11,0.0,12.841799994930625,0.9965882379901333,True
10000,40,20270265,24.620399121190093,223,0.0020953672444384355,97,4364.494399866089,24.705080396106652,1448,10,-9.094947017729282e-13,12.387000024318695,0.9965723133234611,True
10000,41,20270266,24.604581065629844,198,0.002094694933299597,97,4300.855400040746,24.683458805175487,1546,11,0.0,12.034400133416057,0.9968044292265432,True
10000,42,20270267,24.624753971358803,212,0.0020955845437776598,97,4258.377999998629,24.704615547913104,1421,11,-4.547473508864641e-13,13.528099982067943,0.9967673418596855,True
10000,43,20270268,24.620317756996414,199,0.002095072829542365,97,4335.4354000184685,24.702623644981724,1461,11,0.0,11.924799997359514,0.9966681317268893,True
10000,44,20270269,24.618781677016752,204,0.002094519742896343,97,4461.876700166613,24.7065258524805,1460,11,0.0,11.586700100451708,0.9964485425434698,True
10000,45,20270270,24.62539234668321,219,0.002095016350564515,97,4376.5177000314,24.705258773476793,1467,11,0.0,14.172900002449751,0.9967672297009361,True
10000,46,20270271,24.611417338711902,206,0.0020932712397178236,97,4377.174000022933,24.698220151565977,1491,11,0.0,13.446399942040443,0.9964854628260097,True
10000,47,20270272,24.61659949130091,193,0.0020953846936961305,97,4302.754600066692,24.70359313805935,1434,11,0.0,13.92850000411272,0.9964785022861952,True
10000,48,20270273,24.6206366059134,217,0.0020944541749292615,97,4402.739400044084,24.706197013722097,1499,11,0.0,14.608300058171153,0.9965368847434846,True
10000,49,20270274,24.621741481383616,225,0.0020951397312915458,97,4203.084499808028,24.70766166810241,1548,10,9.094947017729282e-13,12.009600177407265,0.9965225286037602,True
10000,50,20270275,24.612594790313697,232,0.0020949865778424007,97,4321.0431998595595,24.697056746857392,1522,11,0.0,14.280700124800205,0.9965800800715072,True
10000,51,20270276,24.625739348794546,192,0.0020945222241735804,97,4381.239400012419,24.709264714273488,1468,11,0.0,11.098500108346343,0.9966196741811304,True
10000,52,20270277,24.63423213703642,205,0.0020950185404870992,97,4427.343199960887,24.716209346083872,1437,11,0.0,14.245899859815836,0.9966832612598646,True
10000,53,20270278,24.62230586371932,231,0.0020942742049416844,97,4457.094500074163,24.70860139482375,1549,10,9.094947017729282e-13,12.472099857404828,0.9965074700212491,True
10000,54,20270279,24.613083242015044,212,0.002093334278286458,97,4276.730099925771,24.702409043209514,1491,11,0.0,14.124399982392788,0.9963839234854293,True
10000,55,20270280,24.602999596175028,232,0.0020951811771902458,97,4271.113700000569,24.6856802203632,1557,11,0.0,13.43509997241199,0.9966506645370878,True
10000,56,20270281,24.61957079393633,204,0.002095384236632863,97,4272.446699906141,24.706814699625475,1423,11,0.0,13.528699986636639,0.9964688323140874,True
10000,57,20270282,24.610359629104238,205,0.0020956668716010972,97,4183.58809989877,24.697428812911394,1553,11,0.0,10.950200026854873,0.996474564843704,True
10000,58,20270283,24.615832803314383,211,0.002095644038469971,97,4010.3591999504715,24.690993506709916,1457,11,0.0,12.815600028261542,0.9969559465731864,True
10000,59,20270284,24.619717335545317,216,0.002095620771183511,97,4269.536200212315,24.706844789139936,1456,11,0.0,12.397299986332655,0.9964735499681078,True
10000,60,20270285,24.608045145420952,223,0.002093542133431755,97,4384.6828998066485,24.695308077867274,1540,10,0.0,11.49290008470416,0.9964664165285498,True
10000,61,20270286,24.611537676803593,224,0.002095319627927391,97,4265.292900148779,24.698558031145254,1518,10,-9.094947017729282e-13,10.835399851202965,0.9964767030434762,True
10000,62,20270287,24.623721557696086,209,0.0020952753116044655,97,4367.493800120428,24.71108038992616,1424,11,0.0,13.289399910718203,0.9964647910632962,True
10000,63,20270288,24.623541913986188,211,0.0020936943357541473,97,4328.105499967933,24.70841279339545,1416,11,0.0,13.339799828827381,0.996565101930305,True
10000,64,20270289,24.624967645269596,230,0.00209517444622945,97,4142.574300058186,24.70579513136029,1480,11,0.0,16.027500154450536,0.9967283997272326,True
10000,65,20270290,24.62450311651432,217,0.0020951342516951966,97,4329.132999991998,24.712853152674704,1466,11,0.0,12.385400012135506,0.9964249358172218,True
10000,66,20270291,24.638797121629597,196,0.0020948205694595115,97,4406.259600073099,24.71763653518692,1422,11,0.0,11.806299909949303,0.9968103983791051,True
10000,67,20270292,24.611463380643713,231,0.002095711535289129,97,4280.825699912384,24.69861898451139,1543,10,0.0,12.954500038176775,0.9964712357430862,True
10000,68,20270293,24.605084045999615,214,0.0020948849787749465,97,4194.98430006206,24.695059700585222,1537,11,0.0,14.555800007656217,0.9963565322102268,True
10000,69,20270294,24.59930756719369,216,0.002094730549380398,97,4241.809299914166,24.688673719414556,1547,10,0.0,12.49450002796948,0.9963802773192069,True
10000,70,20270295,24.634087584326608,217,0.002095195510288144,97,4239.3014000263065,24.713193624555043,1468,10,0.0,12.480800040066242,0.9967990361168928,True
10000,71,20270296,24.6203758799054,202,0.002094825429232435,97,4303.154499968514,24.70839772435965,1413,11,0.0,13.436299981549382,0.9964375737578698,True
10000,72,20270297,24.63101665354365,211,0.0020953969219659864,97,4302.231299923733,24.722961224767303,1421,10,0.0,15.534699894487858,0.9962810049173421,True
10000,73,20270298,24.61992087553588,197,0.0020950590196487377,97,4292.669199872762,24.70640200797434,1430,11,0.0,16.956300009042025,0.9964996468360489,True
10000,74,20270299,24.611161974826143,215,0.0020942295291378563,97,4302.82220011577,24.698828996029402,1500,10,-9.094947017729282e-13,10.333599988371134,0.9964505596108483,True
10000,75,20270300,24.62940761693401,224,0.002095307425602113,97,4313.149800058454,24.717816706408946,1466,10,0.0,12.374099809676409,0.9964232646222345,True
10000,76,20270301,24.617324185417957,222,0.002094934776329683,97,4207.7687999699265,24.69919382662941,1490,11,0.0,11.280599981546402,0.996685331440932,True
10000,77,20270302,24.618623149698628,208,0.0020954686295950563,97,4183.13580006361,24.69866486505572,1470,11,0.0,13.120100134983659,0.996759269547791,True
10000,78,20270303,24.621868462935332,195,0.002094067803190079,97,4348.80689997226,24.706022593556582,1461,11,0.0,13.339800061658025,0.9965937807146992,True
10000,79,20270304,24.616285169399035,210,0.0020953782113069487,97,4300.236999988556,24.709153522001717,1508,11,0.0,12.963900109753013,0.9962415405076508,True
10000,80,20270305,24.616096014109093,204,0.0020947632195861287,97,4217.235499992967,24.695490135522878,1527,11,0.0,16.410399926826358,0.9967850761018271,True
10000,81,20270306,24.611280209690204,238,0.002095467876328614,97,4318.27099993825,24.69251472177944,1537,10,0.0,12.314700055867434,0.9967101563771638,True
10000,82,20270307,24.611847764407873,241,0.0020943053372245684,97,4266.288800165057,24.69415129735917,1523,11,0.0,11.653399793431163,0.9966670839600753,True
10000,83,20270308,24.617450141400965,205,0.0020941056582716327,97,4312.622500117868,24.70025834855518,1501,10,0.0,12.91369996033609,0.9966474760714776,True
10000,84,20270309,24.60572490538331,210,0.0020944798941797947,97,4299.2700999602675,24.692230143990006,1495,11,4.547473508864641e-13,13.660999946296215,0.9964966615772551,True
10000,85,20270310,24.622863706454268,218,0.002094760711755888,97,4317.981600062922,24.702277408974258,1457,10,0.0,13.012399896979332,0.9967851667599223,True
10000,86,20270311,24.625523706523705,195,0.0020955921695910984,97,4360.9883999451995,24.715477463910048,1510,11,0.0,15.355800045654178,0.9963604280954032,True
10000,87,20270312,24.605246387239596,216,0.0020952545630441525,97,4314.659300027415,24.69935993742786,1518,11,0.0,14.164299936965108,0.9961896360704614,True
10000,88,20270313,24.606800147428295,240,0.00209519525514669,97,4377.92110000737,24.696519401692264,1561,11,0.0,11.431899853050709,0.9963671296021649,True
10000,89,20270314,24.62289487057511,209,0.0020947789211648955,97,4310.019900090992,24.71096566334453,1443,10,0.0,13.21460003964603,0.9964359631278974,True
10000,90,20270315,24.61464837086811,194,0.0020953003766708664,97,4369.099700124934,24.700857650610164,1510,11,9.094947017729282e-13,13.843700056895614,0.9965098669462628,True
10000,91,20270316,24.611837017962902,197,0.0020950399839137985,97,4325.989800039679,24.705128658484988,1465,11,0.0,12.719999998807907,0.9962237945889003,True
10000,92,20270317,24.60833073259748,240,0.0020955674484668878,97,4304.2439999990165,24.699404736134152,1500,10,0.0,11.401499854400754,0.9963127045161767,True
10000,93,20270318,24.612082983187165,200,0.0020950483812712706,97,4375.373500166461,24.695788818408346,1499,11,0.0,12.541200034320354,0.9966105219057111,True
10000,94,20270319,24.631230416135,217,0.002095405923487788,97,4439.5071000326425,24.717000171345145,1425,11,0.0,13.575100107118487,0.996529928607211,True
10000,95,20270320,24.626503894026257,215,0.0020952609342437148,97,4370.11340004392,24.707053259967,1467,11,0.0,13.386899838224053,0.9967398230338032,True
10000,96,20270321,24.610687272235854,217,0.0020950569182312372,97,4321.884399978444,24.69363840140182,1496,11,0.0,13.155499938875437,0.9966407895095257,True
10000,97,20270322,24.622295827274872,213,0.0020947462506984834,97,4309.025699971244,24.708296740692198,1534,11,0.0,14.081900008022785,0.9965193507945981,True
10000,98,20270323,24.60891477961135,227,0.002094011151406898,97,4334.433800075203,24.694427423549808,1503,11,0.0,14.070299919694662,0.9965371683873541,True
10000,99,20270324,24.618460813285157,213,0.0020939768877791865,97,4346.251399954781,24.7036157410409,1510,11,0.0,13.169100042432547,0.9965529366774326,True
10000,100,20270325,24.600508486696842,222,0.0020948329134862147,97,4491.002900060266,24.69256242187458,1556,10,9.094947017729282e-13,11.787200113758445,0.9962719974701293,True
10000,101,20270326,24.611857055869056,204,0.0020946924716325425,97,4283.206399995834,24.702714782099953,1530,10,0.0,15.600499929860234,0.996321953800125,True
10000,102,20270327,24.618822857813605,205,0.002095009733374091,97,4392.735700123012,24.706638437315092,1475,11,0.0,13.315899996086955,0.9964456686519985,True
10000,103,20270328,24.62543548411222,195,0.002095149766537644,97,4384.045500075445,24.71253498147406,1512,11,0.0,13.66940001025796,0.9964754932091291,True
10000,104,20270329,24.620975083730972,204,0.0020949271199265673,97,4280.7604998815805,24.71397511592739,1458,11,0.0,11.976599926128983,0.9962369456244826,True
10000,105,20270330,24.61869220237192,228,0.002095381397622806,97,4305.113899987191,24.700143970377074,1494,11,0.0,13.27509991824627,0.9967023767916965,True
10000,106,20270331,24.609180596999348,192,0.002094757195711056,97,4432.838199893013,24.6988855596547,1485,11,0.0,13.231799937784672,0.9963680562655879,True
10000,107,20270332,24.618230976648327,203,0.0020951488975836413,97,4374.724899884313,24.70449391069984,1468,10,0.0,12.624500086531043,0.9965082088156378,True
10000,108,20270333,24.609687933795026,226,0.002095414887864304,97,4477.088900050148,24.698446573065016,1487,10,-9.094947017729282e-13,13.372500194236636,0.9964063068093203,True
10000,109,20270334,24.606940900503286,210,0.0020951894417102707,97,4403.985399985686,24.696557383691303,1502,11,0.0,11.860700091347098,0.9963712965416307,True
10000,110,20270335,24.610245534731224,213,0.002094520256319592,97,4288.738300092518,24.69252615570885,1523,11,0.0,13.405200093984604,0.9966677924948313,True
10000,111,20270336,24.601651576800357,222,0.0020953857477159633,97,4371.909799985588,24.694268987430497,1544,11,0.0,12.549299979582429,0.9962494370383151,True
10000,112,20270337,24.61949436052918,202,0.002095000825177988,97,4339.948099805042,24.70443772804459,1480,11,0.0,13.483500108122826,0.9965616150243736,True
10000,113,20270338,24.610405967745123,219,0.002095306522114114,97,4410.494399955496,24.701828664498223,1509,11,0.0,11.035199975594878,0.9962989502520316,True
10000,114,20270339,24.612266820749927,223,0.0020946855834481563,97,4440.701799932867,24.7032613189083,1484,11,0.0,13.21460003964603,0.9963164985795327,True
10000,115,20270340,24.60270940175195,195,0.0020940334898378373,97,4367.836700053886,24.694105122827363,1519,10,0.0,13.310000067576766,0.9962988850731455,True
10000,116,20270341,24.63009029213864,197,0.002095141296840968,97,4372.656299965456,24.718515099924264,1406,11,0.0,12.765400111675262,0.9964227297866328,True
10000,117,20270342,24.620634190390632,225,0.0020932315112692874,97,4483.509500045329,24.70586715611579,1507,10,0.0,12.861699797213078,0.9965500921223864,True
10000,118,20270343,24.633515360109914,199,0.0020946499643388155,97,4487.867899937555,24.71498612398384,1436,11,0.0,12.943600071594119,0.9967035885245807,True
10000,119,20270344,24.61134970691887,220,0.0020951890510696063,97,4322.9011001531035,24.699975526544204,1592,11,0.0,11.080699972808361,0.9964119065814421,True
10000,120,20270345,24.62836959288498,200,0.0020955184742970957,97,4264.11380013451,24.723844256995694,1385,10,0.0,12.364499969407916,0.9961383568381078,True
10000,121,20270346,24.59708369871159,251,0.0020945562062344345,97,4346.628899918869,24.68206824198385,1626,10,9.094947017729282e-13,12.332800077274442,0.9965568305524858,True
10000,122,20270347,24.62665119873341,210,0.0020936819344157054,97,4566.225999966264,24.712962830741784,1447,11,0.0,12.9507000092417,0.9965074348794388,True
10000,123,20270348,24.637451216864434,201,0.002095171989663291,97,4319.776099873707,24.72007464553799,1382,11,0.0,12.651799945160747,0.9966576383826385,True
10000,124,20270349,24.602346346283138,216,0.002094923023267915,97,4316.074499860406,24.692220883945076,1528,11,0.0,14.825300080701709,0.9963602084201193,True
10000,125,20270350,24.610038481618567,228,0.0020953946930897297,97,4246.459899935871,24.69922832632921,1464,10,0.0,11.566900182515383,0.9963889622974348,True
10000,126,20270351,24.613998936619172,205,0.002095197576524278,97,4339.9424001108855,24.701389293586686,1429,11,0.0,13.73729994520545,0.9964621278613587,True
10000,127,20270352,24.606340719459435,214,0.0020947979738522413,97,4346.98239993304,24.696140599987825,1516,11,0.0,14.142000116407871,0.9963638091480402,True
10000,128,20270353,24.624530970761164,188,0.0020942790591602384,97,4392.600300023332,24.711738167745633,1411,11,0.0,15.911499969661236,0.9964710213262823,True
10000,129,20270354,24.618052903345706,223,0.0020951914467529187,97,4353.376799961552,24.70343038801812,1481,11,0.0,16.05309988372028,0.9965439016633971,True
10000,130,20270355,24.6201635099012,201,0.0020949783168272553,97,4293.730800040066,24.708525266217663,1491,11,0.0,13.494499959051609,0.9964238352809638,True
10000,131,20270356,24.601357798204507,215,0.002095360547122219,97,4359.49800000526,24.682531966349654,1583,11,0.0,13.84559995494783,0.9967112706161664,True
10000,132,20270357,24.618346278468564,202,0.0020955173249226104,97,4289.1326998360455,24.701600368209537,1466,11,-4.547473508864641e-13,11.038800003007054,0.9966296074545794,True
10000,133,20270358,24.615556713905512,231,0.002095528540373166,97,4404.451200040057,24.702021008686714,1492,11,0.0,14.37460002489388,0.9964997076655876,True
10000,134,20270359,24.595676053930653,227,0.002093791174294003,97,4283.682599896565,24.68933257622114,1525,11,0.0,12.9893000703305,0.9962065996720911,True
10000,135,20270360,24.60837640440343,210,0.0020946796698268467,97,4317.534000147134,24.693802059257685,1476,10,9.094947017729282e-13,13.413600157946348,0.9965406034012397,True
10000,136,20270361,24.602816855862432,222,0.002095346586764297,97,4412.587300175801,24.693429953857226,1561,11,0.0,12.401000130921602,0.9963304774523379,True
10000,137,20270362,24.60260257555795,216,0.0020953627259663174,97,4306.6563999745995,24.690042122050084,1526,10,0.0,14.298399910330772,0.9964585096266788,True
10000,138,20270363,24.628471097775716,214,0.002095406997169759,97,4565.295499982312,24.710847254718878,1490,10,0.0,12.610499979928136,0.996666396902784,True
10000,139,20270364,24.616318823355968,212,0.002094730991501535,97,4316.998800029978,24.70463095495416,1511,11,0.0,12.419699924066663,0.9964252802740013,True
10000,140,20270365,24.598863370833833,213,0.0020943156640156678,97,4355.435000034049,24.68907037364002,1549,11,0.0,13.779300032183528,0.9963462778694778,True
10000,141,20270366,24.601990409579578,225,0.0020948762702252353,97,4426.43029987812,24.692831910913366,1563,11,0.0,13.32809985615313,0.9963211387960067,True
10000,142,20270367,24.605595596274398,220,0.002095312796509658,97,4342.5411998759955,24.697787098683154,1548,10,9.094947017729282e-13,13.121700147166848,0.9962672160853767,True
10000,143,20270368,24.613503423072498,222,0.002095014286154525,97,4441.006700042635,24.703096854623336,1510,11,0.0,11.498099891468883,0.9963731902895377,True
10000,144,20270369,24.625996986127117,221,0.0020944421726310663,97,4337.728600017726,24.712826130243702,1513,10,-9.094947017729282e-13,12.700899969786406,0.9964864745270747,True
10000,145,20270370,24.58839451509538,228,0.0020942964159294357,97,4387.998899910599,24.682454756284514,1560,10,0.0,13.254099991172552,0.9961891861195377,True
10000,146,20270371,24.602805345621476,210,0.0020951600662036337,97,4347.464400110766,24.69426430385723,1489,10,9.094947017729282e-13,11.832699878141284,0.9962963481272261,True
10000,147,20270372,24.61736591554232,217,0.0020949732836889274,97,4195.105799939483,24.699845323730578,1504,11,0.0,13.051999965682626,0.9966607317937729,True
10000,148,20270373,24.609222008700865,213,0.00209381214974725,97,4247.034800006077,24.694877755232003,1514,10,0.0,11.676100082695484,0.9965314367060193,True
10000,149,20270374,24.626476146211598,200,0.0020941558854531864,97,4151.237200014293,24.708369671864396,1437,11,0.0,12.451499933376908,0.9966855957418327,True
10000,150,20270375,24.616680780342417,217,0.002095688079387213,97,4389.9433999322355,24.70453568587229,1509,11,0.0,14.376499922946095,0.9964437742669208,True
10000,151,20270376,24.626566817505147,224,0.0020949964088234443,97,4400.815800065175,24.711262138426754,1477,11,0.0,13.66970012895763,0.9965726023848088,True
10000,152,20270377,24.609593032870066,234,0.0020942119360657235,97,4320.251500001177,24.696276996591628,1523,11,0.0,11.742500122636557,0.996489998725981,True
10000,153,20270378,24.610413860040175,212,0.0020946941124960644,97,4330.982600105926,24.690937667606843,1555,11,0.0,13.80870002321899,0.9967387302721876,True
10000,154,20270379,24.608313719480883,211,0.0020936983418485705,97,4339.484000112861,24.69702255055312,1564,11,0.0,14.171099988743663,0.9964081163674425,True
10000,155,20270380,24.613160126697547,224,0.0020952666465071305,97,4443.13389994204,24.699180511703926,1549,10,-9.094947017729282e-13,15.191799961030483,0.9965172777709925,True
10000,156,20270381,24.633263213849364,199,0.0020948356464866205,97,4442.061700159684,24.71239340513211,1486,11,0.0,12.987699825316668,0.9967979551804029,True
10000,157,20270382,24.601260448225208,213,0.002094248412802316,97,4307.054300094023,24.690482118768447,1572,11,0.0,13.1139000877738,0.9963863941532589,True
10000,158,20270383,24.612937819502893,205,0.002094713012521909,97,4405.199600150809,24.69780890343645,1502,11,0.0,13.834400102496147,0.9965636188916439,True
10000,159,20270384,24.617193115805566,222,0.0020938524452937778,97,4283.559199888259,24.707701359313628,1561,11,0.0,13.339899946004152,0.996336840801504,True
10000,160,20270385,24.613767651749313,233,0.0020951449199485316,97,4380.278900032863,24.698685997569992,1539,11,0.0,14.030899852514267,0.9965618273851073,True
10000,161,20270386,24.61001094727082,231,0.002094272817585293,97,4395.966000156477,24.69557299799571,1528,11,0.0,13.387699844315648,0.9965353283873253,True
10000,162,20270387,24.631199344128035,197,0.002095628998947723,97,4386.901400052011,24.716985321979156,1477,10,0.0,13.282599858939648,0.9965292701867312,True
10000,163,20270388,24.609737334226427,215,0.002094729481647085,97,4331.320700002834,24.69678499262759,1458,10,0.0,14.101499924436212,0.9964753445265386,True
10000,164,20270389,24.597070209042734,218,0.0020946057334954396,97,4291.373899905011,24.687548603427352,1510,11,0.0,13.66179995238781,0.9963350595946956,True
10000,165,20270390,24.61838888451708,212,0.002095533255794969,97,4395.362800220028,24.70640607070891,1570,11,0.0,13.2149001583457,0.9964374751252802,True
10000,166,20270391,24.60358140911401,224,0.002095612646028889,97,4240.125299897045,24.68833480351577,1520,11,0.0,13.739100191742182,0.9965670671968654,True
10000,167,20270392,24.612842882409915,221,0.0020949996828463725,97,4367.743599927053,24.703884982593937,1533,11,0.0,14.780099969357252,0.9963146646671902,True
10000,168,20270393,24.608366604251653,229,0.002094994960636444,97,4248.993299901485,24.70182500259196,1518,10,9.094947017729282e-13,11.898999800905585,0.9962165387241428,True
10000,169,20270394,24.618505917216098,198,0.0020950517491393934,97,4247.710999799892,24.705811084014574,1480,11,0.0,14.881199924275279,0.996466209245202,True
10000,170,20270395,24.611948081120453,217,0.0020941589598269302,97,4320.189999882132,24.701255458831728,1489,11,4.547473508864641e-13,13.479099841788411,0.9963845004615203,True
10000,171,20270396,24.606648658258724,215,0.002095429183782086,97,4250.250699929893,24.69474201414975,1554,11,0.0,16.51750016026199,0.9964327079893951,True
10000,172,20270397,24.638543376676534,205,0.0020951363989785373,97,4380.4216999560595,24.72074582910061,1445,11,0.0,13.246099930256605,0.9966747583995904,True
10000,173,20270398,24.61293308121918,208,0.0020950640834616957,97,4590.55699990131,24.702844997203176,1463,11,0.0,13.159200083464384,0.9963602606908566,True
10000,174,20270399,24.624615468434715,214,0.002094593605040528,97,4323.19249981083,24.710989210273322,1506,10,0.0,13.44110001809895,0.9965046424850246,True
10000,175,20270400,24.61465484739521,181,0.002094223080167239,97,4245.431800140068,24.697292662399313,1463,11,0.0,13.885300140827894,0.9966539727194506,True
10000,176,20270401,24.621605980608376,222,0.002095028544150275,97,4302.364100003615,24.700553995364718,1494,10,0.0,12.927000178024173,0.9968037957864768,True
10000,177,20270402,24.609887480932755,205,0.0020954550609376035,97,4331.010900205001,24.696127631415745,1500,11,0.0,12.142299907281995,0.9965079484617951,True
10000,178,20270403,24.635567353379678,217,0.0020941833686058168,97,4203.126300126314,24.721064908029113,1413,11,0.0,13.471100013703108,0.9965415100454807,True
10000,179,20270404,24.616537683982056,197,0.0020956095609037002,97,4379.637699807063,24.704181105579966,1488,11,0.0,14.388000126928091,0.9964522838776423,True
10000,180,20270405,24.597684198996447,226,0.0020951144598072534,97,4306.908000027761,24.68262191600626,1511,11,0.0,13.219599844887853,0.9965588049236078,True
10000,181,20270406,24.615706585626807,201,0.00209518965440089,97,4299.92949985899,24.701221256819817,1514,10,0.0,12.502700090408325,0.99653803873485,True
10000,182,20270407,24.62482095828022,216,0.002094541625317626,97,4217.412799829617,24.713247299809694,1438,10,0.0,12.98619993031025,0.9964219052050617,True
10000,183,20270408,24.612755835875728,210,0.002095257750702891,97,4416.344000026584,24.698585485257556,1500,10,0.0,11.710700113326311,0.9965249163992383,True
10000,184,20270409,24.618049908889407,254,0.0020952970053281054,97,4268.787099979818,24.703800833923047,1531,11,0.0,11.998999863862991,0.9965288367725226,True
10000,185,20270410,24.623497867017193,206,0.0020949307049326366,97,4310.82609994337,24.707451130449726,1492,11,0.0,15.731800114735961,0.9966021074780527,True
10000,186,20270411,24.61066000962391,207,0.002094432300124083,97,4383.047900162637,24.695927781856643,1499,11,0.0,13.753700070083141,0.9965472942346643,True
10000,187,20270412,24.602371560293054,200,0.0020940479368929633,97,4237.881499808282,24.6864551981238,1528,10,0.0,12.92900019325316,0.9965939363446099,True
10000,188,20270413,24.62674497784035,189,0.0020954969678659845,97,4452.600599965081,24.714539814665418,1413,10,0.0,12.124900007620454,0.9964476442821334,True
10000,189,20270414,24.614584247287308,232,0.0020951465734515475,97,4337.479500100017,24.705212274324197,1495,10,0.0,12.465700041502714,0.9963316232206157,True
10000,190,20270415,24.604054745911895,218,0.002094930406631123,97,4292.708300054073,24.695930163111708,1530,11,0.0,11.600800091400743,0.9962797344909468,True
10000,191,20270416,24.611825301086643,227,0.0020948449942718,97,4330.158400116488,24.69605246114751,1509,11,0.0,13.655399903655052,0.9965894484475454,True
10000,192,20270417,24.612030394433017,194,0.002095119689028092,97,4248.466199962422,24.696173966593193,1507,11,0.0,12.460099998861551,0.996592849877313,True
10000,193,20270418,24.613678614738586,221,0.002094874482919941,97,4247.620499925688,24.701108192871164,1467,11,0.0,11.856100056320429,0.9964604997698925,True
10000,194,20270419,24.606967225814962,237,0.002094709934782109,97,4326.382600003853,24.695439152829582,1515,11,0.0,13.55240005068481,0.9964174790953462,True
10000,195,20270420,24.611149485767328,206,0.002094869997172882,97,4301.581899868324,24.702290343164684,1450,11,0.0,13.260700041428208,0.9963104288658572,True
10000,196,20270421,24.610245223994365,213,0.00209449596106831,97,4330.523999873549,24.69792729360033,1441,10,9.094947017729282e-13,12.297900160774589,0.9964498207252929,True
10000,197,20270422,24.619167450210274,221,0.0020948714138004244,97,4374.533700058237,24.706334764472675,1496,11,0.0,11.806400027126074,0.996471863791478,True
10000,198,20270423,24.611101444753853,218,0.002092742277167314,97,4312.895799987018,24.696384871354894,1545,11,0.0,13.887600041925907,0.9965467242657058,True
10000,199,20270424,24.61201844531246,236,0.0020944899605865896,97,4463.410799857229,24.69621586038743,1492,11,0.0,16.359099885448813,0.9965906754479734,True
25000,0,20285225,24.646920590191627,293,0.0008381761242780693,107,4846.076300134882,24.686136451995452,1554,11,0.0,16.00449997931719,0.9984114216544139,True
25000,1,20285226,24.66138023693575,294,0.0008378815667842562,107,4767.441600095481,24.7008229465418,1456,11,0.0,16.040300019085407,0.9984031823679959,True
25000,2,20285227,24.66786468106207,308,0.0008378657429247412,107,4798.061600187793,24.707102490706138,1502,10,9.094947017729282e-13,15.57449996471405,0.9984118813746441,True
25000,3,20285228,24.6543922335477,321,0.0008372487103857327,107,4801.701300079003,24.693483859381107,1528,11,0.0,16.45320001989603,0.9984169254506161,True
25000,4,20285229,24.677082417314853,284,0.0008379617639756906,107,4768.414000049233,24.71588853754027,1430,11,0.0,17.10779988206923,0.9984299119909659,True
25000,5,20285230,24.672414571812254,261,0.0008379377111871888,107,4786.164900055155,24.709887302061603,1462,11,0.0,17.264399910345674,0.9984834924663447,True
25000,6,20285231,24.65943590753548,333,0.0008377897819806596,107,4815.0790999643505,24.7000846226508,1499,11,0.0,15.870499890297651,0.998354308669937,True
25000,7,20285232,24.674757138530218,307,0.000837838548020215,107,4729.162300005555,24.710863850163662,1466,11,0.0,16.598599962890148,0.9985388324806296,True
25000,8,20285233,24.656960388155287,350,0.0008381113076293937,107,4738.93509991467,24.692803706472215,1548,11,0.0,15.526399947702885,0.9985484305977157,True
25000,9,20285234,24.657111640252484,303,0.0008378382534106274,107,4904.0930001065135,24.698564114008228,1484,10,-9.094947017729282e-13,16.42200001515448,0.9983216646293931,True
25000,10,20285235,24.65055472050385,314,0.0008378088253237259,107,4801.99239985086,24.687393636839907,1496,11,0.0,17.025000182911754,0.9985077843016574,True
25000,11,20285236,24.662603937903793,308,0.0008379523310997725,107,4769.19630006887,24.699582654588834,1535,10,0.0,15.398299787193537,0.9985028606676408,True
25000,12,20285237,24.666061308504414,305,0.0008382400246965354,107,4845.929400064051,24.703505667065123,1431,11,0.0,18.293699948117137,0.9984842491966381,True
25000,13,20285238,24.653543174792457,327,0.000838178518098784,107,4728.06919994764,24.69104657718462,1524,10,9.094947017729282e-13,15.873000025749207,0.9984810930441962,True
25000,14,20285239,24.658003660155238,325,0.0008374607630545389,107,4974.546199897304,24.696685690283626,1541,11,0.0,19.4906999822706,0.9984337157376706,True
25000,15,20285240,24.663193416795806,312,0.000838163692719366,107,4737.829799996689,24.700790734836534,1495,10,0.0,15.110499924048781,0.9984778901030199,True
25000,16,20285241,24.662965382055013,311,0.0008381246723855332,107,4818.94990010187,24.702036262086967,1501,10,0.0,20.806799875572324,0.9984183133885234,True
25000,17,20285242,24.670939201594987,300,0.0008371577523884074,107,4834.419000195339,24.709154995911696,1531,11,0.0,15.956700081005692,0.9984533751023443,True
25000,18,20285243,24.66105849740274,297,0.0008380744000265346,107,4748.087499989197,24.70181643555422,1560,11,0.0,17.828399781137705,0.9983500023871598,True
25000,19,20285244,24.6498117012908,335,0.0008381167286909353,107,4688.249300001189,24.68558689735993,1511,11,0.0,18.314899876713753,0.9985507658287455,True
25000,20,20285245,24.65871142501899,287,0.0008380475095030625,107,4741.101500112563,24.70027462021216,1513,11,0.0,18.551499815657735,0.9983172982554955,True
25000,21,20285246,24.66951859908639,320,0.0008379966758308784,107,4749.734800076112,24.711118733344264,1503,11,0.0,16.996199963614345,0.9983165418487614,True
25000,22,20285247,24.656068367285364,323,0.0008380837161349211,107,4760.0074000656605,24.69713848451417,1579,11,0.0,15.989199979230762,0.99833704956327,True
25000,23,20285248,24.65420818327365,301,0.0008382244939568644,107,4892.240100074559,24.692567890231437,1496,10,0.0,16.449099872261286,0.9984465079886259,True
25000,24,20285249,24.665878568747086,304,0.0008380469030360868,107,4747.445200104266,24.701741811949,1497,11,0.0,16.19799993932247,0.998548149216564,True
25000,25,20285250,24.67089467387136,289,0.0008381135497999314,107,4918.861499987543,24.707522266965007,1511,10,-9.094947017729282e-13,14.961499953642488,0.9985175529663441,True
25000,26,20285251,24.666870082623667,277,0.0008380877578680214,107,4692.711999872699,24.707717480812555,1438,11,0.0,15.957599971443415,0.998346775730271,True
25000,27,20285252,24.663710350599853,310,0.000837415736082844,107,4798.947799950838,24.703361260108522,1480,11,0.0,16.624600160866976,0.9983949184448556,True
25000,28,20285253,24.656028304661085,303,0.0008379421270776935,107,4762.438699835911,24.69575564044749,1461,11,0.0,15.900200000032783,0.9983913294104134,True
25000,29,20285254,24.67300625967226,288,0.0008379292568694433,107,4912.921099923551,24.71125174973226,1520,11,0.0,15.779700130224228,0.9984523046243332,True
25000,30,20285255,24.654910441066814,298,0.0008381798313815435,107,4768.705000169575,24.695819734437016,1482,10,0.0,15.425299992784858,0.9983434729516932,True
25000,31,20285256,24.65840344448505,309,0.0008382500729892578,107,4775.64479992725,24.697858690373913,1478,11,0.0,15.569099923595786,0.9984024831308861,True
25000,32,20285257,24.658145518051704,324,0.0008378243800464997,107,4741.657600039616,24.697265543450133,1517,11,0.0,16.334200045093894,0.9984160179462134,True
25000,33,20285258,24.663220120981997,329,0.0008381077695769805,107,4787.914399988949,24.700149560609663,1491,11,0.0,15.821400098502636,0.9985048900397526,True
25000,34,20285259,24.67061115009742,312,0.0008382435413390183,107,4803.771700011566,24.70435477764809,1444,11,0.0,16.091899946331978,0.998634102049846,True
25000,35,20285260,24.665584106478764,295,0.000837287500093353,107,4801.900299964473,24.708809158129082,1466,11,0.0,15.859700040891767,0.9982506218177618,True
25000,36,20285261,24.658463168957056,300,0.000837746364126164,107,4693.7074000015855,24.69742308112638,1501,11,0.0,18.375699874013662,0.998422511043304,True
25000,37,20285262,24.67822215366639,298,0.000837701851627329,107,4811.857899883762,24.71717402910521,1440,11,0.0,16.868199920281768,0.9984240967275243,True
25000,38,20285263,24.689484672008213,295,0.0008381778189645891,107,4773.806300014257,24.726581880579893,1379,11,0.0,15.57749998755753,0.9984997033253182,True
25000,39,20285264,24.672777109387617,300,0.0008381639702290615,107,4839.06519995071,24.711504792389356,1490,10,0.0,15.660100150853395,0.9984328075798256,True
25000,40,20285265,24.67499526404373,299,0.000838163086340619,107,4821.555900154635,24.714612058161407,1396,10,9.094947017729282e-13,17.02779997140169,0.9983970294971879,True
25000,41,20285266,24.670397096194762,289,0.0008378291569427894,107,4817.991300020367,24.70840750881542,1415,11,0.0,19.221599912270904,0.9984616405323938,True
25000,42,20285267,24.657284073812107,314,0.0008379418683613012,107,4802.865200210363,24.697163776958565,1538,11,0.0,19.37759993597865,0.9983852517031262,True
25000,43,20285268,24.673121164730773,292,0.0008378150001556642,107,4769.039199920371,24.709115786045558,1491,11,0.0,20.622099982574582,0.998543265504664,True
25000,44,20285269,24.649927836443183,307,0.0008369037513903303,107,4785.0671000778675,24.688113177853182,1570,11,0.0,15.66619984805584,0.9984532904100483,True
25000,45,20285270,24.658079733022564,349,0.0008378275669024519,107,4818.343499908224,24.69494825128824,1537,10,0.0,17.153100110590458,0.9985070420925563,True
25000,46,20285271,24.66137961166559,336,0.0008381442543262707,107,4878.049900056794,24.69775580382894,1484,11,0.0,17.1660000924021,0.9985271458487046,True
25000,47,20285272,24.662982822814456,266,0.0008379567201147489,107,4861.695300089195,24.707558024338436,1493,10,0.0,16.123499954119325,0.9981958880161257,True
25000,48,20285273,24.66107946724538,338,0.0008378324294526035,107,4759.628699859604,24.69893137717997,1548,11,0.0,15.836100094020367,0.9984674677071428,True
25000,49,20285274,24.662107038124912,328,0.0008377723734382234,107,4823.339800117537,24.699737732081758,1530,11,0.0,15.871699899435043,0.9984764739462003,True
25000,50,20285275,24.663270608666835,293,0.0008380984475721433,107,4959.840399911627,24.699583179030803,1521,11,0.0,16.829899977892637,0.9985298306412395,True
25000,51,20285276,24.65682116843467,309,0.0008381209013636956,107,4775.825600139797,24.69311376716825,1535,10,9.094947017729282e-13,15.06779994815588,0.9985302542613386,True
25000,52,20285277,24.653434472019267,320,0.0008380549893064308,107,4845.3596998006105,24.692734885949985,1555,11,0.0,15.816800063475966,0.9984084219867813,True
25000,53,20285278,24.647252382512708,361,0.00083759853497966,107,4845.65329994075,24.68525778717693,1621,11,0.0,15.732300002127886,0.9984604007382915,True
25000,54,20285279,24.66201669152383,312,0.0008379462482858774,107,4815.490500070155,24.700166834724612,1485,11,0.0,16.42230013385415,0.9984554702218793,True
25000,55,20285280,24.650788720917028,296,0.0008376796766132621,107,4785.19199998118,24.69178128116163,1534,10,0.0,16.027700155973434,0.9983398297685442,True
25000,56,20285281,24.647331467752448,303,0.0008381483118912658,107,5156.911700032651,24.688404752445486,1563,10,0.0,16.90909988246858,0.998336332982836,True
25000,57,20285282,24.650437264399546,308,0.0008379513752543804,107,4943.227200070396,24.68753508527095,1533,11,0.0,16.216499963775277,0.998497305593966,True
25000,58,20285283,24.658680427870667,296,0.0008378921305258277,107,4905.982899945229,24.69637983664845,1431,10,0.0,16.246400075033307,0.9984734844124061,True
25000,59,20285284,24.662749602883085,317,0.0008381807768137168,107,4782.336799893528,24.700189488029253,1506,10,0.0,16.163799911737442,0.9984842268046441,True
25000,60,20285285,24.668035919029673,351,0.0008377874406938315,107,5406.314800027758,24.7031516192225,1528,11,0.0,18.400800181552768,0.9985784931115631,True
25000,61,20285286,24.68415983294639,260,0.0008382106025077136,107,5989.502700045705,24.72486652010062,1390,11,0.0,23.147900123149157,0.9983536134716384,True
25000,62,20285287,24.66643722554477,299,0.0008380413967879953,107,6245.299100177363,24.705809190713282,1496,11,0.0,19.46410001255572,0.9984063681191502,True
25000,63,20285288,24.667322888961642,313,0.000837963536965392,107,6038.453899789602,24.702184275185445,1511,11,0.0,22.38420001231134,0.9985887326466582,True
25000,64,20285289,24.66722142745509,295,0.0008377678978579776,107,6342.756199883297,24.70725276823736,1474,10,-9.094947017729282e-13,18.6105000320822,0.998379773698121,True
25000,65,20285290,24.65212977122912,300,0.0008377642892061502,107,5089.702000143006,24.686394537514644,1555,11,0.0,15.47369989566505,0.9986119979475555,True
25000,66,20285291,24.658969452334958,313,0.0008380724004558984,107,4783.391200006008,24.69872531365878,1524,10,0.0,15.237699961289763,0.9983903678906928,True
25000,67,20285292,24.668161983555397,300,0.0008381474397004069,107,4816.972800064832,24.710310319196328,1503,11,0.0,16.615499975159764,0.9982943016458928,True
25000,68,20285293,24.672977545643775,309,0.000837681863297818,107,4761.972300009802,24.7155690173754,1416,11,0.0,15.633799834176898,0.9982767351339682,True
25000,69,20285294,24.677332465775144,292,0.000837335460490571,107,4790.721599943936,24.71535779426518,1407,10,0.0,15.309599926695228,0.998461469633312,True
25000,70,20285295,24.66004381498907,296,0.0008379658709367291,107,4751.713499892503,24.696471640109362,1472,11,0.0,18.940499983727932,0.9985249785616691,True
25000,71,20285296,24.654316866282723,307,0.000837608485220849,107,4849.069899879396,24.69612603608913,1528,11,0.0,18.72149994596839,0.9983070555379694,True
25000,72,20285297,24.671364859533774,298,0.0008378156372444215,107,4775.203899946064,24.709017160300967,1481,11,0.0,15.759400092065334,0.9984761716533312,True
25000,73,20285298,24.670863891732864,287,0.0008382853086064819,107,4825.55909990333,24.710596728531684,1450,11,0.0,16.413799952715635,0.9983920729541532,True
25000,74,20285299,24.673082815698137,287,0.0008378309504499923,107,4773.426000028849,24.71088386857292,1398,11,0.0,17.150700092315674,0.9984702670662923,True
25000,75,20285300,24.67772647079884,278,0.0008382005904564046,107,4827.748900046572,24.71555813825089,1382,11,0.0,16.098299995064735,0.998469317696957,True
25000,76,20285301,24.662708107815014,295,0.000837832534499221,107,4785.372399957851,24.70116595670915,1467,10,0.0,15.650399960577488,0.9984430755632533,True
25000,77,20285302,24.663279023565092,321,0.0008382038669053111,107,5347.4059998989105,24.702076109293674,1474,11,0.0,17.38209999166429,0.998429399797939,True
25000,78,20285303,24.660365213169015,301,0.0008377184043321544,107,4780.897899996489,24.698829868681017,1483,11,0.0,15.818499960005283,0.9984426527201284,True
25000,79,20285304,24.656743641966678,344,0.00083808820103633,107,4758.530599996448,24.696454862193388,1572,10,0.0,15.788099961355329,0.9983920275015867,True
25000,80,20285305,24.664827416645643,313,0.0008377543102297312,107,4793.741900008172,24.70535516694222,1447,10,9.094947017729282e-13,15.007199952378869,0.9983595560548425,True
25000,81,20285306,24.669448259870702,296,0.0008379788780163835,107,4760.251400060952,24.71019421942938,1464,10,0.0,15.665600076317787,0.9983510465681957,True
25000,82,20285307,24.667119761836858,308,0.0008380587809389858,107,4794.67390011996,24.70455425996103,1482,10,-9.094947017729282e-13,15.029599890112877,0.9984847126675408,True
25000,83,20285308,24.66879501208102,295,0.0008381721228286335,107,4926.905400119722,24.707670711168383,1435,11,0.0,16.983400098979473,0.9984265736927685,True
25000,84,20285309,24.656365221381755,285,0.00083827784622783,107,4837.457200046629,24.69683212715436,1517,11,0.0,15.609399881213903,0.9983614535838339,True
25000,85,20285310,24.65624164888317,301,0.0008382955639527664,107,4880.056699970737,24.696304989132763,1512,11,4.547473508864641e-13,16.21960010379553,0.9983777597390694,True
25000,86,20285311,24.671220267116865,317,0.0008380058211698504,107,4731.95070005022,24.7103875542872,1483,11,0.0,16.71079988591373,0.9984149464639401,True
25000,87,20285312,24.661638087203293,311,0.0008376207931181819,107,4901.75520000048,24.695494362845192,1477,11,0.0,16.032200073823333,0.9986290505002874,True
25000,88,20285313,24.662895648071302,307,0.0008382790369889904,107,4788.889800198376,24.705122715864647,1492,10,-9.094947017729282e-13,17.51219993457198,0.9982907566062714,True
25000,89,20285314,24.691661950769063,295,0.0008381298748366958,107,4813.663200009614,24.72947955874795,1394,10,0.0,17.263600137084723,0.9984707479229781,True
25000,90,20285315,24.664899473130603,296,0.0008378436765406151,107,4808.65989997983,24.704027065601164,1468,11,0.0,15.841100132092834,0.9984161451747662,True
25000,91,20285316,24.665291294231277,301,0.0008379533067613682,107,4754.111499991268,24.704361149352362,1541,10,-9.094947017729282e-13,17.152899876236916,0.998418503725521,True
25000,92,20285317,24.65796338055715,302,0.0008378627171628378,107,4807.045999914408,24.69819671060676,1472,11,0.0,16.967000206932425,0.9983710013115115,True
25000,93,20285318,24.658746834944633,305,0.0008381637691760804,107,4781.654800055549,24.695577582456156,1471,10,0.0,16.135500045493245,0.9985086095926062,True
25000,94,20285319,24.664117001047455,319,0.0008378467809077979,107,4847.920999862254,24.702911543687147,1485,11,0.0,15.308799920603633,0.998429555861418,True
25000,95,20285320,24.673848303627928,302,0.0008377499822622584,107,4759.403400123119,24.71153013394407,1445,10,9.094947017729282e-13,14.689899981021881,0.9984751316445443,True
25000,96,20285321,24.654227208698988,319,0.0008379834674275992,107,4895.261900033802,24.692284030336754,1492,11,0.0,16.03389997035265,0.9984587565252768,True
25000,97,20285322,24.659355187990098,300,0.0008378371152607899,107,4826.6737998928875,24.69835126745404,1451,10,0.0,16.959700034931302,0.998421105966076,True
25000,98,20285323,24.66289366436855,278,0.000838116004216025,107,4792.225300101563,24.699358859386177,1461,11,-4.547473508864641e-13,15.059900004416704,0.998523637992985,True
25000,99,20285324,24.666612565660408,295,0.0008378349116415061,107,4848.486900096759,24.705030613441526,1451,10,0.0,15.298399841412902,0.9984449301689909,True
25000,100,20285325,24.6536520692458,301,0.0008377633335221536,107,4829.063800163567,24.695410772119182,1516,10,9.094947017729282e-13,14.881399925798178,0.9983090500798422,True
25000,101,20285326,24.663110528851046,275,0.0008381193430732889,107,4739.515000022948,24.699588279834536,1452,11,-4.547473508864641e-13,18.161799991503358,0.9985231433589008,True
25000,102,20285327,24.666669859647104,295,0.0008378992901505484,107,4863.985299831256,24.706671659018127,1490,10,0.0,18.153599929064512,0.9983809312754427,True
25000,103,20285328,24.665560542574124,317,0.000837978304667246,107,4742.073799949139,24.704613493175042,1525,10,0.0,15.477200038731098,0.9984192041453428,True
25000,104,20285329,24.668431518942274,300,0.0008377612557216533,107,4820.553099969402,24.707475245972013,1518,11,0.0,16.60610013641417,0.998419760552584,True
25000,105,20285330,24.663590957178723,293,0.0008377601602336839,107,4763.948600040749,24.708026608683223,1447,10,9.094947017729282e-13,15.35509992390871,0.9982015701938379,True
25000,106,20285331,24.672277440991092,292,0.0008381273206422669,107,4983.1721999216825,24.707998337495475,1445,11,0.0,17.32439990155399,0.9985542780108506,True
25000,107,20285332,24.664038754794802,318,0.0008382068703770466,107,4824.262199923396,24.699547158869766,1472,10,0.0,15.245300019159913,0.9985623864337848,True
25000,108,20285333,24.66399449154936,301,0.0008382782286256274,107,4899.932299973443,24.703962801742154,1525,11,-4.547473508864641e-13,15.274300007149577,0.9983821093597998,True
25000,109,20285334,24.65990942061325,320,0.0008377131288616748,107,4820.141499862075,24.698768904263165,1534,10,0.0,15.992000000551343,0.9984266631344849,True
25000,110,20285335,24.660915175519374,290,0.0008380452718440536,107,4959.657700033858,24.70333461609211,1522,11,0.0,17.251000041142106,0.9982828455659138,True
25000,111,20285336,24.66948385880635,289,0.0008377952449353529,107,4794.660300016403,24.71048491568437,1475,11,0.0,19.229399971663952,0.998340742522135,True
25000,112,20285337,24.643489678980824,322,0.0008380619310070657,107,4851.435600081459,24.683406976074714,1498,11,0.0,16.360699897632003,0.9983828287102918,True
25000,113,20285338,24.65173180609212,305,0.0008378732909762958,107,4811.549799982458,24.692155393684782,1553,11,0.0,15.683299861848354,0.9983628975701732,True
25000,114,20285339,24.66197982412922,314,0.0008379941499065927,107,4857.557500014082,24.698294085399723,1503,11,0.0,16.670299926772714,0.9985296854452805,True
25000,115,20285340,24.66300106894441,317,0.0008381216875362228,107,4798.083500005305,24.697861519123208,1461,10,-9.094947017729282e-13,15.248500043526292,0.9985885235386956,True
25000,116,20285341,24.653765075322905,297,0.0008378090386479262,107,4807.315000100061,24.69773483091915,1496,10,0.0,15.898299869149923,0.9982196846837469,True
25000,117,20285342,24.633441602884957,331,0.0008380292064327353,107,4794.1628999542445,24.674291025081505,1583,11,0.0,16.37419988401234,0.9983444540653661,True
25000,118,20285343,24.65601471398434,311,0.0008382229533319324,107,4776.0346999857575,24.698563698744334,1530,11,0.0,15.825300011783838,0.9982772688615025,True
25000,119,20285344,24.655967072974356,285,0.0008380882754411891,107,4793.492999859154,24.698080930206473,1507,11,0.0,15.536899911239743,0.998294853055542,True
25000,120,20285345,24.66996563726331,290,0.0008376824557541541,107,4919.4557999726385,24.71099519895113,1498,10,-9.094947017729282e-13,16.293100081384182,0.9983396232584933,True
25000,121,20285346,24.688197461864707,288,0.0008374080982798363,107,4793.889699969441,24.72485868871585,1391,11,0.0,16.52620011009276,0.9985172320977561,True
25000,122,20285347,24.643412342062597,306,0.0008375194162676344,107,4790.117199998349,24.68077848748847,1513,10,0.0,15.01030009239912,0.9984860224143733,True
25000,123,20285348,24.667546854583307,280,0.0008379575318298061,107,4787.45359997265,24.703917140368397,1424,11,0.0,20.036200061440468,0.9985277522759475,True
25000,124,20285349,24.661508779973257,300,0.0008381159764398316,107,4760.712399845943,24.698966922635755,1445,10,0.0,15.851200092583895,0.9984834125743062,True
25000,125,20285350,24.6836757991759,280,0.0008378985468612528,107,4702.896199887618,24.72138874296408,1425,11,0.0,15.99969994276762,0.9984744811798281,True
25000,126,20285351,24.65420481154519,295,0.000838102626616692,107,4783.588000107557,24.693033016257935,1488,11,0.0,16.483800020068884,0.9984275643786982,True
25000,127,20285352,24.66203050319843,310,0.0008373659459565395,107,4960.002700099722,24.698486895311504,1423,11,0.0,15.86210005916655,0.9985239422857116,True
25000,128,20285353,24.667399710193422,310,0.0008377840745760274,107,4767.402800032869,24.703006042658284,1495,11,0.0,15.907800057902932,0.9985586234969389,True
25000,129,20285354,24.664296805002564,310,0.0008377431245708573,107,4802.220900077373,24.706578060591053,1455,10,-9.094947017729282e-13,17.062100116163492,0.9982886640357561,True
25000,130,20285355,24.6596395740797,333,0.0008379915567204519,107,4915.950500173494,24.702022965596395,1532,10,0.0,15.942299971356988,0.9982842137433148,True
25000,131,20285356,24.66794520382624,309,0.0008381488699322001,107,4778.610599925742,24.703459315180865,1503,10,-9.094947017729282e-13,14.362999936565757,0.9985623830694512,True
25000,132,20285357,24.655796407175625,267,0.0008379960809723131,107,4780.826299916953,24.69740784146573,1488,11,0.0,15.2515999507159,0.9983151497291858,True
25000,133,20285358,24.65844185013256,307,0.0008380021740492401,107,4872.016899986193,24.694638781695325,1527,11,0.0,15.828399918973446,0.9985342190309909,True
25000,134,20285359,24.666320268815564,318,0.0008378693172866398,107,4812.412100145593,24.703900418284316,1479,11,0.0,16.159499995410442,0.9984787766776724,True
25000,135,20285360,24.655217772649518,297,0.0008376955339222371,107,4820.0952000916,24.696268584501013,1591,11,0.0,16.729699913412333,0.9983377726999108,True
25000,136,20285361,24.652269911041927,318,0.0008381636465422543,107,4851.034499937668,24.69497499671331,1519,11,0.0,16.97670016437769,0.9982706973513006,True
25000,137,20285362,24.657315780015153,306,0.00083817187420768,107,4861.595700029284,24.69666203285614,1466,11,0.0,16.816100105643272,0.9984068189948649,True
25000,138,20285363,24.671558992001813,267,0.0008382649481352467,107,4684.02160005644,24.71360492160895,1465,10,0.0,14.151999959722161,0.998298672745619,True
25000,139,20285364,24.64977312629412,340,0.0008381559272024858,107,4911.106899846345,24.68761270698558,1507,11,0.0,16.633700113743544,0.9984672644884472,True
25000,140,20285365,24.67221426749698,283,0.0008378021801411931,107,4831.184000009671,24.709018047772506,1453,11,0.0,16.140699852257967,0.9985105122265737,True
25000,141,20285366,24.668110842887824,290,0.0008375652206354864,107,4793.63329987973,24.70611994253214,1455,11,0.0,16.650799894705415,0.9984615512378014,True
25000,142,20285367,24.673371874156288,298,0.0008374959982385697,107,4748.49160015583,24.710192069446688,1450,11,0.0,19.660299876704812,0.9985099186931887,True
25000,143,20285368,24.648081392200936,295,0.0008380477517913097,107,4732.754199998453,24.6868540900035,1501,11,0.0,16.327599994838238,0.9984294192503749,True
25000,144,20285369,24.65741690818584,279,0.0008371251442821803,107,4770.020900061354,24.70021764724912,1532,10,-9.094947017729282e-13,15.381900127977133,0.9982671918250062,True
25000,145,20285370,24.64755057361858,311,0.0008377445908898263,107,4956.9197001401335,24.687160163805846,1557,11,0.0,15.67659992724657,0.9983955388175697,True
25000,146,20285371,24.657843043337408,302,0.0008375544683515955,107,4876.786899985746,24.698144274779484,1512,11,0.0,17.263600137084723,0.9983682486022551,True
25000,147,20285372,24.670969052321126,311,0.0008379172450067084,107,4849.913599900901,24.712268913419916,1441,11,0.0,17.376100178807974,0.9983287709743089,True
25000,148,20285373,24.649260939770347,300,0.0008380915478007576,107,4724.856100045145,24.68904498837225,1508,11,0.0,16.19090000167489,0.9983885950784795,True
25000,149,20285374,24.65939893018397,303,0.0008381116442190439,107,4784.362099831924,24.69697436132597,1518,11,0.0,16.429899958893657,0.9984785411122731,True
25000,150,20285375,24.663265881076764,330,0.000837673923406468,107,4793.550899950787,24.70852000208468,1527,11,0.0,16.825899947434664,0.9981684811148503,True
25000,151,20285376,24.662463809772838,284,0.0008380508321179643,107,4768.852199893445,24.70225985673573,1437,11,0.0,16.871599946171045,0.9983889714061105,True
25000,152,20285377,24.65152223321782,342,0.000837947608043752,107,4873.7569998484105,24.689352649166857,1495,10,0.0,15.833599958568811,0.9984677437077187,True
25000,153,20285378,24.65505360199283,330,0.0008380214021144054,107,4791.591899935156,24.692392113427793,1582,10,9.094947017729282e-13,14.098299900069833,0.9984878536164724,True
25000,154,20285379,24.649243648575297,314,0.0008379519230522969,107,4799.968099920079,24.691248833468418,1506,11,0.0,16.99489983730018,0.9982987824886288,True
25000,155,20285380,24.651480652132456,296,0.000838061145874686,107,4703.107200097293,24.687688276617628,1491,11,4.547473508864641e-13,15.314799966290593,0.9985333732312448,True
25000,156,20285381,24.651593691471035,326,0.0008380053314924849,107,4765.752700157464,24.689565437981287,1505,10,-9.094947017729282e-13,14.910999918356538,0.9984620326102688,True
25000,157,20285382,24.664570266868147,290,0.0008381768800010567,107,5013.693999964744,24.701858203820116,1447,11,0.0,16.078799962997437,0.998490480487569,True
25000,158,20285383,24.67427202905138,311,0.0008378684251955714,107,4797.044200124219,24.714198967942565,1452,11,0.0,16.53380016796291,0.9983844534494938,True
25000,159,20285384,24.675958103087755,278,0.0008378470458781381,107,4696.806299965829,24.719535051038612,1429,10,0.0,16.520800068974495,0.9982371453240976,True
25000,160,20285385,24.674135337683754,301,0.0008381395036033848,107,4716.9563001953065,24.713737161920147,1476,10,9.094947017729282e-13,15.324499923735857,0.9983975784812743,True
25000,161,20285386,24.654140498015316,329,0.0008380474482751109,107,4732.450400013477,24.695387622584573,1564,10,9.094947017729282e-13,16.654999926686287,0.9983297640353077,True
25000,162,20285387,24.68095249877023,292,0.0008375060740002259,107,4781.464800005779,24.71875492535138,1402,11,0.0,17.79710012488067,0.998470698597267,True
25000,163,20285388,24.65084278486643,286,0.0008382682467565791,107,4704.009599983692,24.69248511743437,1489,11,0.0,19.781099865213037,0.9983135625122423,True
25000,164,20285389,24.65833610526614,317,0.0008378838642181863,107,4687.542200088501,24.69673130010512,1519,11,0.0,15.85480011999607,0.9984453329320218,True
25000,165,20285390,24.66519412376094,311,0.0008381770038923067,107,4803.486400051042,24.703687585329106,1488,10,0.0,15.226199990138412,0.9984417928928544,True
25000,166,20285391,24.647578702072583,322,0.0008374112582746429,107,4675.976800033823,24.684236241730833,1550,10,0.0,16.356599982827902,0.9985149413050797,True
25000,167,20285392,24.667655517799435,298,0.0008379705436128183,107,4734.930200036615,24.709435448678697,1489,11,0.0,20.296799950301647,0.9983091507304552,True
25000,168,20285393,24.667711792334234,299,0.0008374874995001623,107,4790.352700045332,24.706537848181533,1501,10,9.094947017729282e-13,16.438499791547656,0.9984285108627571,True
25000,169,20285394,24.665954092613042,300,0.000838039890795964,107,4838.96950003691,24.703800433287466,1457,11,0.0,17.74019980803132,0.998467995206785,True
25000,170,20285395,24.65222180240845,270,0.0008380363141050806,107,4944.204000057653,24.69306595912556,1538,11,0.0,15.853199874982238,0.9983459260674752,True
25000,171,20285396,24.670933207755724,313,0.0008381996930422295,107,4704.494499834254,24.708977508953993,1499,11,0.0,16.34209998883307,0.9984603045114075,True
25000,172,20285397,24.664689728300242,297,0.0008381982491352239,107,4902.765699895099,24.702738371381727,1469,11,0.0,15.863500069826841,0.9984597398673192,True
25000,173,20285398,24.644435929832497,318,0.0008377199979550904,107,4894.585100002587,24.686706694843704,1541,11,0.0,16.615199856460094,0.9982877114580846,True
25000,174,20285399,24.64805760731621,292,0.0008379863453742155,107,4724.983900086954,24.688025667991123,1503,11,0.0,15.742900082841516,0.9983810750518324,True
25000,175,20285400,24.652474331348966,295,0.00083813646156182,107,4731.987100094557,24.68519718987159,1505,11,0.0,17.43560004979372,0.9986743934726983,True
25000,176,20285401,24.65990826482103,331,0.0008379010379110469,107,4999.559399904683,24.697395659692646,1458,11,0.0,17.299599945545197,0.9984821316632669,True
25000,177,20285402,24.659113144276752,298,0.0008381486625287343,107,4796.460300218314,24.696290984452105,1476,10,4.547473508864641e-13,16.662799986079335,0.9984945982293957,True
25000,178,20285403,24.662843729694682,276,0.0008381554195332517,107,4812.812899937853,24.705964546252424,1487,10,0.0,16.218099975958467,0.9982546394221115,True
25000,179,20285404,24.665651736786238,279,0.0008375651221461118,107,4758.415000047535,24.701356661035636,1460,11,0.0,15.76600014232099,0.9985545359010293,True
25000,180,20285405,24.665540097185414,313,0.0008377558693519718,107,4772.936800029129,24.705182543477413,1512,11,0.0,17.62380008585751,0.998395379341066,True
25000,181,20285406,24.66470739756918,293,0.0008378241341691242,107,4833.770300028846,24.70584193545664,1460,10,9.094947017729282e-13,17.317800084128976,0.998335027885513,True
25000,182,20285407,24.648916456161313,311,0.0008377934338334721,107,4860.410299850628,24.685513246422772,1521,11,0.0,17.522400012239814,0.9985174790616613,True
25000,183,20285408,24.648115523683657,326,0.000837912276019941,107,4774.155899882317,24.688655140724197,1544,10,0.0,14.695599908009171,0.9983579657616235,True
25000,184,20285409,24.675125966145167,246,0.0008382260160149853,107,4694.552399916574,24.71587540383034,1404,10,9.094947017729282e-13,15.161799965426326,0.9983512848717931,True
25000,185,20285410,24.661253263089353,296,0.0008370672288453142,107,4817.051799967885,24.697897300040736,1500,11,0.0,16.827800078317523,0.9985163094450424,True
25000,186,20285411,24.682582511684892,292,0.0008379504515321611,107,4803.57880005613,24.718678711559505,1460,10,9.094947017729282e-13,15.466299839317799,0.9985397196874551,True
25000,187,20285412,24.673304642658536,286,0.000837767765292764,107,4841.152700129896,24.711772323231717,1430,11,0.0,16.746400156989694,0.99844334594581,True
25000,188,20285413,24.669372239262085,309,0.0008380497127419523,107,4741.945099784061,24.70593067476646,1448,11,0.0,15.616000164300203,0.9985202566952187,True
25000,189,20285414,24.658853211626962,307,0.0008380718656893694,107,4833.049899898469,24.697253637973972,1534,10,0.0,15.293000033125281,0.9984451539871637,True
25000,190,20285415,24.658045309347806,296,0.0008381285815784782,107,4757.131499936804,24.699588612110887,1510,10,0.0,16.274600056931376,0.9983180568949755,True
25000,191,20285416,24.66895587547196,336,0.0008380623469386022,107,4878.805399872363,24.705371061581413,1507,10,-9.094947017729282e-13,15.576399862766266,0.998526021486636,True
25000,192,20285417,24.666850423640444,294,0.0008378601459110482,107,4697.505800053477,24.703616559492236,1412,10,0.0,15.81020001322031,0.9985117103901264,True
25000,193,20285418,24.664933411712983,302,0.0008379874316097603,107,4753.768800059333,24.701795997343595,1439,11,0.0,17.087299842387438,0.9985076961353508,True
25000,194,20285419,24.645793576639072,327,0.0008376889262247533,107,4737.352599855512,24.686552722414742,1554,11,0.0,16.37309999205172,0.9983489332741602,True
25000,195,20285420,24.678680768971923,297,0.0008374784853170825,107,4911.723600002006,24.713565360356498,1410,10,0.0,15.864799963310361,0.9985884435986507,True
25000,196,20285421,24.68194377999693,293,0.000837965231746081,107,4712.912100134417,24.72096027153783,1397,11,0.0,16.031800070777535,0.9984217242731538,True
25000,197,20285422,24.66650819657556,340,0.0008380227118252046,107,4838.111700024456,24.705768501130617,1507,10,-9.094947017729282e-13,16.158699989318848,0.9984108851115778,True
25000,198,20285423,24.668229005986625,303,0.0008382736145333034,107,4812.996300170198,24.707516659261522,1477,10,0.0,16.34939992800355,0.9984098906492017,True
25000,199,20285424,24.659744805443722,289,0.0008381935541461118,107,4704.966600053012,24.699029648531873,1511,11,0.0,16.363400034606457,0.9984094580375352,True
45000,0,20305225,24.66917978512246,366,0.0004656245494340175,113,4950.182099826634,24.691511170523203,1515,11,0.0,13.06879986077547,0.9990955845008221,True
45000,1,20305226,24.689367462828677,378,0.0004652680714768844,113,5043.582299957052,24.711858113170713,1489,10,0.0,14.969100011512637,0.9990898842879787,True
45000,2,20305227,24.691031962823036,391,0.000465458325931902,113,4994.266600115225,24.71231281241603,1487,10,0.0,11.37989992275834,0.9991388564172633,True
45000,3,20305228,24.675661995202272,383,0.0004653858872452008,113,5085.815500002354,24.70112450509308,1506,11,0.0,14.816700015217066,0.998969176084046,True
45000,4,20305229,24.687473615304555,385,0.00046552354817640056,113,4975.34570004791,24.710905789019503,1521,11,0.0,15.517299994826317,0.9990517476811651,True
45000,5,20305230,24.68172384337557,351,0.000465651086758953,113,4986.87699995935,24.704576749781822,1512,11,0.0,15.450699953362346,0.9990749525224529,True
45000,6,20305231,24.68248137363631,326,0.0004656301892381642,113,5037.461000028998,24.70707276898278,1398,10,0.0,14.732100069522858,0.9990046819557944,True
45000,7,20305232,24.682550673349706,400,0.00046548748057222014,113,5088.835000060499,24.705620422230794,1516,10,0.0,15.224800212308764,0.9990662145500977,True
45000,8,20305233,24.67715582167592,367,0.00046546811845660626,113,5021.213300060481,24.699049042256433,1467,11,0.0,15.773099847137928,0.9991136006676591,True
45000,9,20305234,24.659056801837504,393,0.00046557726703299126,113,5097.6138999685645,24.683145049119066,1596,11,0.0,15.851999865844846,0.9990241013763187,True
45000,10,20305235,24.665129859377533,409,0.00046566454603448306,113,4915.793500142172,24.68745032316755,1551,11,0.0,15.539499931037426,0.9990958781284485,True
45000,11,20305236,24.67612276882493,404,0.00046554998826647673,113,5097.011000150815,24.69928114292448,1561,11,0.0,15.672100009396672,0.9990623867162148,True
45000,12,20305237,24.67842240412747,357,0.00046546260869679434,113,4903.8737998344,24.701348893818516,1514,11,0.0,16.124699963256717,0.9990718527239303,True
45000,13,20305238,24.67442755764538,378,0.00046566910291221606,113,5043.924700003117,24.70099000614254,1479,10,0.0,16.14219998009503,0.9989246403285635,True
45000,14,20305239,24.676161516658926,360,0.0004653415763492979,113,4951.4595998916775,24.699089241637505,1492,11,0.0,16.423100139945745,0.999071717796787,True
45000,15,20305240,24.68670430326784,389,0.00046548151475973143,113,4920.373700093478,24.710148004858098,1543,11,0.0,14.157099882140756,0.999051252077258,True
45000,16,20305241,24.667152326214406,389,0.0004656933768181894,113,5022.730800090358,24.68978875746503,1516,10,0.0,15.76590002514422,0.9990831662646859,True
45000,17,20305242,24.691908815907244,335,0.0004655112924520014,113,4871.921799844131,24.713201121197887,1395,11,0.0,13.654599897563457,0.9991384238251362,True
45000,18,20305243,24.680880741311746,353,0.00046568730964077944,113,4928.514100145549,24.703677193513087,1434,10,-9.094947017729282e-13,15.392800094559789,0.9990772040930276,True
45000,19,20305244,24.672388677393506,383,0.0004656029571287045,113,5165.722100064158,24.693031842194394,1519,10,0.0,13.699099887162447,0.9991640084971011,True
45000,20,20305245,24.676457513775393,352,0.00046563946196166657,113,4994.42659993656,24.7009036931156,1502,11,0.0,18.284300109371543,0.999010312349543,True
45000,21,20305246,24.672705918722713,368,0.0004651980003928973,113,5235.850000055507,24.69528104674313,1452,11,-4.547473508864641e-13,15.564900124445558,0.9990858525571065,True
45000,22,20305247,24.670144205675392,379,0.0004656878127782709,113,5015.68439998664,24.692433674221075,1519,11,0.0,15.21009998396039,0.9990973158482571,True
45000,23,20305248,24.674825175338917,365,0.00046533108989300003,113,5142.881399951875,24.69857304935626,1494,11,0.0,16.26519998535514,0.9990384920630886,True
45000,24,20305249,24.67018523813288,415,0.00046513126621895224,113,5067.384400172159,24.693834267211873,1512,10,0.0,11.953500099480152,0.9990423103669084,True
45000,25,20305250,24.68715875510604,353,0.0004655266595698701,113,5001.268999883905,24.710265960498827,1455,10,0.0,14.286299934610724,0.9990648742741286,True
45000,26,20305251,24.66803113896057,362,0.0004656784815557448,113,5140.566300135106,24.691563097732494,1489,10,9.094947017729282e-13,15.906799817457795,0.9990469635851411,True
45000,27,20305252,24.696156437176235,369,0.0004656717039621141,113,5045.353799825534,24.71716029596185,1400,10,9.094947017729282e-13,15.137500129640102,0.9991502317202253,True
45000,28,20305253,24.691469778661162,375,0.0004652998856280937,113,4968.358699930832,24.71273916232076,1486,11,0.0,15.465600183233619,0.9991393352424475,True
45000,29,20305254,24.700950779835402,332,0.0004656379402150475,113,5103.4182999283075,24.726994145057084,1400,10,0.0,14.876100001856685,0.9989467638052202,True
45000,30,20305255,24.675292606517086,362,0.0004654832323695401,113,5145.459800027311,24.696687847421586,1467,11,0.0,16.39240002259612,0.9991336797453698,True
45000,31,20305256,24.676686693394306,362,0.0004652980037573336,113,5276.081800227985,24.700716698615608,1499,10,0.0,15.421199845150113,0.999027153522932,True
45000,32,20305257,24.671119755092892,397,0.00046550750917813584,113,5103.747699875385,24.69699963744279,1522,10,-9.094947017729282e-13,15.757200075313449,0.998952104193634,True
45000,33,20305258,24.684992016682756,358,0.0004653570403431941,113,5245.172000024468,24.705977567014777,1349,11,0.0,15.687499893829226,0.9991505881410643,True
45000,34,20305259,24.679256309590283,359,0.00046533617359683326,113,5243.9017000142485,24.702679137129017,1475,11,0.0,16.0650999750942,0.9990518102344806,True
45000,35,20305260,24.68479073609948,393,0.0004655378401187801,113,5062.376299872994,24.707813789808387,1491,10,0.0,13.81279993802309,0.9990681873392455,True
45000,36,20305261,24.674273224670408,375,0.00046567096726676235,113,5093.417499912903,24.697546775756546,1457,12,0.0,19.273699959740043,0.9990576573739306,True
45000,37,20305262,24.666212923743522,401,0.00046542539091845147,113,5167.2435000073165,24.688134231330018,1592,11,0.0,16.228699823841453,0.9991120711115271,True
45000,38,20305263,24.673354424145224,396,0.00046561543414785466,113,5085.850599920377,24.69484184063071,1545,10,0.0,14.591899933293462,0.999129882401185,True
45000,39,20305264,24.67682403800943,362,0.0004653766242904108,113,5047.504700021818,24.700651567008553,1451,10,0.0,14.660200104117393,0.9990353481593599,True
45000,40,20305265,24.67304861738363,370,0.00046556693587804465,113,5042.1343999914825,24.696621600213845,1509,11,0.0,13.139400165528059,0.9990454976712275,True
45000,41,20305266,24.673912210910707,362,0.00046563249000864494,113,5100.084800040349,24.697755004272803,1528,11,0.0,13.213699916377664,0.9990346169780221,True
45000,42,20305267,24.680012747659582,389,0.0004655364811605957,113,5114.1876000911,24.701295174002453,1466,11,0.0,18.717699917033315,0.9991384084845368,True
45000,43,20305268,24.666745788755954,350,0.0004654081669984856,113,5045.213600154966,24.692378136810984,1548,11,0.0,12.870799982920289,0.9989619327910414,True
45000,44,20305269,24.68943776875779,368,0.0004654547684002028,113,5122.677000006661,24.71099596904434,1458,11,0.0,16.75259997136891,0.9991275867507099,True
45000,45,20305270,24.650451255575515,381,0.0004653308867193866,113,5180.837400024757,24.676043175387676,1581,11,0.0,16.116600017994642,0.9989628839749443,True
45000,46,20305271,24.69364170461492,342,0.000465543971426624,113,5061.797300120816,24.714420006491125,1446,10,0.0,14.995699981227517,0.999159264030038,True
45000,47,20305272,24.68004592043035,397,0.000465511193633416,113,5001.059300033376,24.703064073203556,1490,10,9.094947017729282e-13,13.57139996252954,0.9990682065712578,True
45000,48,20305273,24.67034044602306,385,0.0004655448412853466,113,5075.004099868238,24.693821868688918,1575,11,0.0,16.037299996241927,0.9990490972685103,True
45000,49,20305274,24.6790279398684,362,0.00046553407434877527,113,4981.513799866661,24.703137586579295,1522,11,0.0,12.623200193047523,0.999024024918843,True
45000,50,20305275,24.69648108651944,360,0.00046567900532651927,113,4991.484300000593,24.719244704426558,1415,11,0.0,15.685399994254112,0.9990791135336331,True
45000,51,20305276,24.69178104211028,354,0.0004656441038407119,113,5084.822499891743,24.71630411028083,1442,10,-9.094947017729282e-13,13.574799988418818,0.9990078181567466,True
45000,52,20305277,24.67873586772283,384,0.0004655602996035582,113,5001.247500069439,24.702122591288067,1496,10,-9.094947017729282e-13,15.607999870553613,0.9990532504452275,True
45000,53,20305278,24.685955102807615,387,0.00046568650411242844,113,5087.867399910465,24.70781215904714,1506,11,0.0,16.97970018722117,0.9991153787272289,True
45000,54,20305279,24.684432067448885,332,0.0004657014190054959,113,5257.490300107747,24.70631696751973,1469,11,0.0,16.627100063487887,0.9991141981988001,True
45000,55,20305280,24.680625105146188,372,0.00046569610535475073,113,4950.94809983857,24.70474676998248,1510,11,0.0,14.332199934870005,0.9990236020202562,True
45000,56,20305281,24.674972122132434,370,0.0004653246629333375,113,5045.940300216898,24.693855308649564,1478,10,-9.094947017729282e-13,15.3373999055475,0.9992353082869764,True
45000,57,20305282,24.68346054101919,389,0.0004656189727144101,113,5049.569699913263,24.70521183552954,1525,11,0.0,16.106400173157454,0.9991195665653404,True
45000,58,20305283,24.679990073666684,354,0.00046539783571049374,113,5109.381400048733,24.7014895392264,1480,11,0.0,16.25019987113774,0.999129628781067,True
45000,59,20305284,24.66836969333148,366,0.00046540072789929985,113,5052.862799959257,24.693477734505045,1541,11,0.0,15.472100116312504,0.998983211621971,True
45000,60,20305285,24.65072382725054,409,0.0004650937875098842,113,5062.429599929601,24.67312951736398,1615,11,0.0,15.397800132632256,0.9990918991408175,True
45000,61,20305286,24.68106689537867,348,0.00046562745789531675,113,5061.766700120643,24.70409100762947,1485,10,0.0,14.29449999704957,0.9990680040709173,True
45000,62,20305287,24.676911089458184,384,0.00046560183429902164,113,5125.332799972966,24.700792252690793,1515,11,0.0,17.221600050106645,0.9990331822968145,True
45000,63,20305288,24.678276055596598,383,0.0004655358110710879,113,4984.3145001214,24.702761849581695,1493,10,0.0,14.258600072935224,0.9990087831419744,True
45000,64,20305289,24.65506208266518,407,0.0004653110727245367,113,5034.174999920651,24.67791365735758,1585,11,0.0,17.008299939334393,0.9990740070246746,True
45000,65,20305290,24.6633554721486,369,0.0004654946539403613,113,5036.1766999121755,24.68529472468382,1495,11,0.0,15.103899873793125,0.999111242025671,True
45000,66,20305291,24.68895324272349,394,0.00046539671068803693,113,5204.676900058985,24.709727508291373,1485,11,0.0,15.686200000345707,0.9991592677191234,True
45000,67,20305292,24.67801135029104,366,0.0004653276906449792,113,5027.861600043252,24.698953804428104,1479,10,-4.547473508864641e-13,15.33009996637702,0.9991520914487759,True
45000,68,20305293,24.680323836011958,344,0.00046532744489856414,113,5048.831600230187,24.702030664455165,1474,11,0.0,16.830700216814876,0.9991212532792115,True
45000,69,20305294,24.678506656434163,348,0.0004654286866771723,113,5051.511299796402,24.701959451083713,1486,11,0.0,13.099400093778968,0.9990505694620707,True
45000,70,20305295,24.661734263272493,426,0.00046558089604063454,113,5076.5221999026835,24.683880579943377,1598,10,0.0,12.51649996265769,0.9991028024706585,True
45000,71,20305296,24.669068224412108,404,0.00046539956242698836,113,5021.970600122586,24.689982547401588,1499,11,0.0,13.75489984638989,0.9991529227309365,True
45000,72,20305297,24.674351786876443,389,0.000465577667872358,113,5050.918499939144,24.695860885613403,1503,11,0.0,16.60409988835454,0.9991290403344679,True
45000,73,20305298,24.686759799412307,369,0.0004656781876206899,113,5005.988999968395,24.708068048650354,1478,11,0.0,16.472300048917532,0.9991375995405188,True
45000,74,20305299,24.68441288823178,343,0.0004655537790342765,113,5112.596899969503,24.706383393734768,1518,10,0.0,15.238699968904257,0.9991107356688814,True
45000,75,20305300,24.69991211689908,342,0.00046569549825209097,113,5035.718100145459,24.72198893840491,1428,11,0.0,14.835899928584695,0.9991069965462392,True
45000,76,20305301,24.668128926241703,354,0.0004656590240437945,113,5014.701499836519,24.69290771937652,1540,10,0.0,15.482400078326464,0.9989965218589719,True
45000,77,20305302,24.66823407195761,383,0.000465640890893497,113,5037.460699910298,24.69132561785,1485,11,0.0,16.030300175771117,0.999064791163918,True
45000,78,20305303,24.674619179582322,393,0.0004655398568176915,113,5056.010899832472,24.695901686366792,1502,11,0.0,16.06240007095039,0.9991382170590589,True
45000,79,20305304,24.689595617876073,357,0.0004656268751323239,113,5010.924000060186,24.71164571594256,1435,11,0.0,16.081799985840917,0.9991077041844987,True
45000,80,20305305,24.67973752932489,382,0.0004655553086909491,113,5114.114299882203,24.701652671594516,1506,11,0.0,16.02329988963902,0.9991128066384469,True
45000,81,20305306,24.67548515486458,413,0.0004655508476961498,113,5056.69130012393,24.699346900507365,1536,10,9.094947017729282e-13,15.7024001237005,0.9990339118787674,True
45000,82,20305307,24.67569699946118,369,0.0004656413265955827,113,5193.491799989715,24.69699373290879,1465,10,-9.094947017729282e-13,13.314399868249893,0.9991376791168217,True
45000,83,20305308,24.661760753019887,379,0.0004654518570129208,113,5026.5558999963105,24.688667880072323,1498,11,0.0,16.29770011641085,0.99891014261348,True
45000,84,20305309,24.70070173778112,365,0.0004655407230656412,113,5500.237799948081,24.72117517942909,1434,10,0.0,14.62960010394454,0.9991718257121933,True
45000,85,20305310,24.662632488512873,398,0.0004655049115117732,113,5139.314000029117,24.6855100980127,1606,10,0.0,13.439100002869964,0.9990732373198289,True
45000,86,20305311,24.68379306612855,343,0.000465654114812088,113,5107.700299937278,24.705436141066,1452,11,0.0,14.76099994033575,0.9991239549541296,True
45000,87,20305312,24.670882575047987,385,0.00046548205833133317,113,4992.846000008285,24.69357203210742,1505,11,0.0,16.426000045612454,0.999081159379051,True
45000,88,20305313,24.6767334944922,368,0.00046568331296743874,113,5078.807899961248,24.70083472706609,1457,11,0.0,16.858800081536174,0.9990242745704669,True
45000,89,20305314,24.685318096020286,396,0.00046534462610468754,113,5152.702999999747,24.7081939899427,1484,11,0.0,15.619999961927533,0.9990741575878948,True
45000,90,20305315,24.698260176122975,324,0.0004656729744158317,113,5087.3120001051575,24.72080797887016,1435,11,0.0,16.908099874854088,0.9990879018692894,True
45000,91,20305316,24.663701906073875,352,0.00046567381949931015,113,4773.118400014937,24.686128872496383,1547,11,0.0,12.665400048717856,0.9990915154604295,True
45000,92,20305317,24.67968155762354,399,0.00046559634774101934,113,5164.5744999405,24.70216567320862,1490,11,0.0,17.739499919116497,0.999089791725854,True
45000,93,20305318,24.683546145415324,315,0.00046569968467931663,113,5051.917999982834,24.70640466046362,1467,10,0.0,18.189500086009502,0.9990747939507008,True
45000,94,20305319,24.67176446697389,397,0.00046525438941669227,113,4995.667100185528,24.69368933852557,1520,11,0.0,17.72119989618659,0.9991121265335806,True
45000,95,20305320,24.674187137370147,419,0.0004655964343300327,113,5047.421999974176,24.696410574266114,1537,11,0.0,19.236500142142177,0.9991001349435321,True
45000,96,20305321,24.679607363578587,373,0.00046563223741421893,113,5103.029699996114,24.701405991785045,1541,10,0.0,13.021100079640746,0.999117514678569,True
45000,97,20305322,24.669747673256108,397,0.00046537529922502954,113,4981.816899962723,24.691628212084233,1535,11,0.0,14.330300036817789,0.9991138478742598,True
45000,98,20305323,24.686476371636502,366,0.00046563192259025364,113,4953.690599882975,24.711287852779627,1474,11,0.0,14.336599968373775,0.9989959454444082,True
45000,99,20305324,24.66296507962861,400,0.0004656191419747954,113,5015.899500111118,24.686077440173193,1593,11,0.0,16.653499798849225,0.9990637491679025,True
45000,100,20305325,24.673079781407885,373,0.00046563226606055835,113,4887.843900127336,24.69597104808098,1467,11,0.0,13.96829984150827,0.999073076874421,True
45000,101,20305326,24.6802459679144,388,0.00046567647559182264,113,5010.655699996278,24.703005014722024,1450,11,0.0,16.372599871829152,0.9990786931875671,True
45000,102,20305327,24.67298726848889,389,0.00046557843371501314,113,5040.622000116855,24.697044084479774,1560,10,9.094947017729282e-13,15.798400156199932,0.9990259232680399,True
45000,103,20305328,24.687307866387023,343,0.00046541175542568576,113,5161.3242998719215,24.710762572164583,1453,11,0.0,15.607600100338459,0.9990508303534112,True
45000,104,20305329,24.670381974456465,348,0.0004653599700548763,113,4947.135000023991,24.694095922231813,1465,11,0.0,18.211099784821272,0.9990396915987517,True
45000,105,20305330,24.69152899799405,382,0.00046561924334945903,113,5061.920000007376,24.714307558548505,1470,11,0.0,18.287100130692124,0.9990783249540579,True
45000,106,20305331,24.681373213910685,383,0.0004654885280600039,113,5080.846600001678,24.70655962921789,1442,10,0.0,14.457599958404899,0.9989805778026084,True
45000,107,20305332,24.681667123213074,381,0.0004656044925498918,113,5004.582199966535,24.705389791818696,1494,10,0.0,16.29639999009669,0.9990397776029635,True
45000,108,20305333,24.681040074879448,391,0.00046557655216953404,113,5064.879799960181,24.701961263996687,1519,11,0.0,17.23110000602901,0.9991530555451186,True
45000,109,20305334,24.6847499637455,382,0.0004655346739429589,113,4997.795199975371,24.706887773339155,1438,10,0.0,15.179899986833334,0.9991039822661297,True
45000,110,20305335,24.672934555558566,397,0.00046551753640393964,113,5039.043599972501,24.696268902995833,1529,11,0.0,14.972900040447712,0.9990551468511732,True
45000,111,20305336,24.671284957775576,369,0.0004656492908863377,113,5206.395799992606,24.69380986542923,1497,11,0.0,14.813899993896484,0.9990878318179169,True
45000,112,20305337,24.697299884066258,337,0.0004655602465037258,113,4903.358799871057,24.71845693115599,1454,10,0.0,15.977199887856841,0.9991440789710839,True
45000,113,20305338,24.673152549484143,394,0.0004656784824969312,113,5117.154200095683,24.694413957454334,1552,10,0.0,14.919700101017952,0.9991390195366927,True
45000,114,20305339,24.688086685299005,374,0.0004654113776869582,113,4998.636499978602,24.70868344139106,1429,10,9.094947017729282e-13,12.722200015559793,0.9991664162867718,True
45000,115,20305340,24.665317123902934,382,0.00046554602160735496,113,5137.856199871749,24.690568445262603,1560,11,0.0,17.442400101572275,0.9989772887807079,True
45000,116,20305341,24.691341036423065,360,0.0004655935474441585,113,4823.565099854022,24.71277037897652,1453,11,0.0,15.649500070139766,0.9991328636075669,True
45000,117,20305342,24.662659046371374,412,0.00046555940433126356,113,4926.514900056645,24.686509182679472,1525,11,0.0,16.147300135344267,0.9990338797546624,True
45000,118,20305343,24.67531078751711,411,0.0004653601254930543,113,4846.599000040442,24.696753753416946,1553,10,-9.094947017729282e-13,15.076600015163422,0.9991317496172196,True
45000,119,20305344,24.697843229318387,338,0.0004654116483571494,113,5120.5802001059055,24.720680219922308,1428,10,0.0,14.460799982771277,0.9990761989394807,True
45000,120,20305345,24.674058319008537,380,0.00046563030967175555,113,5069.389699958265,24.698053859585425,1538,11,0.0,16.396300168707967,0.9990284440744478,True
45000,121,20305346,24.661950364528913,369,0.00046565152204053567,113,5075.710800010711,24.684528840036855,1546,11,0.0,11.94170000962913,0.9990853187575807,True
45000,122,20305347,24.65795317262613,390,0.00046564228172278426,113,5083.156199892983,24.681648480625903,1590,11,0.0,16.558400122448802,0.9990399625041912,True
45000,123,20305348,24.686417317754763,378,0.0004654532020921185,113,5048.353800084442,24.7087895710685,1394,10,0.0,14.552899869158864,0.9990945629590884,True
45000,124,20305349,24.67533542810614,372,0.00046547888820731463,113,5035.664800088853,24.697696264579665,1563,11,0.0,13.969900086522102,0.9990946185330818,True
45000,125,20305350,24.683161312422754,350,0.00046523257004240184,113,5107.636099914089,24.707937496843716,1440,11,0.0,16.705600079149008,0.9989972378542674,True
45000,126,20305351,24.66674644780708,410,0.00046554054911688214,113,4963.245700113475,24.692264635914697,1610,11,0.0,13.978300150483847,0.9989665513275562,True
45000,127,20305352,24.673810063437355,409,0.00046545404825193236,113,5100.537999998778,24.69507807510613,1514,11,0.0,14.601500006392598,0.9991387752812891,True
45000,128,20305353,24.6891464281311,368,0.0004655680743056978,113,5047.972500091419,24.71168688219067,1481,11,0.0,14.63959994725883,0.9990878625903999,True
45000,129,20305354,24.67375382494512,390,0.00046559747746749707,113,5089.420300209895,24.695669544870007,1528,11,0.0,15.806500101462007,0.9991125683033186,True
45000,130,20305355,24.67124643246275,388,0.00046556440934373194,113,5115.723500028253,24.6952640343584,1539,11,0.0,15.488300006836653,0.9990274409756367,True
45000,131,20305356,24.670133225462084,423,0.00046555349480492236,113,5028.394399909303,24.69234545402947,1545,11,0.0,17.10199983790517,0.9991004407171955,True
45000,132,20305357,24.67852768043191,354,0.00046554231721620366,113,4994.777699932456,24.704450790140935,1565,11,0.0,15.855200123041868,0.9989506704711132,True
45000,133,20305358,24.68542249045817,373,0.00046529656423681577,113,4934.140800032765,24.70751311279069,1452,11,0.0,16.288100043311715,0.9991059147785665,True
45000,134,20305359,24.671685503767407,386,0.00046551437020676703,113,5031.554899876937,24.695064427456483,1472,10,0.0,13.910199981182814,0.9990532956997236,True
45000,135,20305360,24.673016848430375,375,0.00046571234088204516,113,4998.460300033912,24.697665988293377,1544,10,-9.094947017729282e-13,16.566900070756674,0.9990019648061204,True
45000,136,20305361,24.6720808266872,374,0.0004656044861990238,113,5093.9493998885155,24.695691325605335,1508,10,9.094947017729282e-13,14.082600129768252,0.9990439425806373,True
45000,137,20305362,24.677576360329507,397,0.0004657056255230896,113,5212.704800069332,24.70206682830711,1569,11,0.0,16.175600001588464,0.9990085660383066,True
45000,138,20305363,24.669047449765337,399,0.00046561850563474956,113,5151.21140005067,24.691583645327274,1508,11,0.0,14.361799927428365,0.9990872924197309,True
45000,139,20305364,24.677837426741696,359,0.0004655973500042152,113,5089.72749998793,24.701287085609536,1512,10,9.094947017729282e-13,14.591299928724766,0.9990506705668183,True
45000,140,20305365,24.680431755775167,375,0.0004656468439922157,113,4992.2493998892605,24.701696433469053,1448,11,0.0,14.665000140666962,0.9991391409998435,True
45000,141,20305366,24.663633634903682,371,0.00046558455108816594,113,5036.615000106394,24.68900354296354,1521,11,0.0,15.178499976173043,0.9989724207372035,True
45000,142,20305367,24.69938895322902,350,0.00046526308651420026,113,5082.318099914119,24.722401903983812,1425,11,0.0,16.293799970299006,0.9990691458360652,True
45000,143,20305368,24.685157402533836,366,0.0004656406662051536,113,5119.097099872306,24.710852620455373,1473,11,0.0,16.17129985243082,0.9989601646565498,True
45000,144,20305369,24.67148539160217,385,0.0004656880165641295,113,5049.735500011593,24.69500777380997,1528,11,0.0,15.888500027358532,0.9990474843165369,True
45000,145,20305370,24.685289851579192,405,0.0004656893194742868,113,4965.513400034979,24.704579686408316,1474,10,-9.094947017729282e-13,14.27659997716546,0.9992191798009121,True
45000,146,20305371,24.678504320772156,365,0.00046564810645508686,113,5000.01240009442,24.702350930869795,1511,11,0.0,15.61599993146956,0.9990346420806516,True
45000,147,20305372,24.666876826009428,375,0.0004656904232158493,113,5102.5880998931825,24.692719950848215,1485,11,0.0,16.336800064891577,0.9989534111717855,True
45000,148,20305373,24.65769326443059,462,0.000465443238717116,113,5101.332799997181,24.680973909365274,1677,11,0.0,14.193400042131543,0.9990567371846761,True
45000,149,20305374,24.688457851262413,351,0.0004654361356560793,113,5152.651999844238,24.713356219341293,1430,11,0.0,15.352499904111028,0.998992513689444,True
45000,150,20305375,24.68546659907792,401,0.0004656514131637859,113,5073.04560020566,24.70730370835767,1459,10,0.0,15.104399994015694,0.9991161678531371,True
45000,151,20305376,24.677609234263493,376,0.0004656755261502611,113,5103.398900013417,24.70175089310763,1521,11,0.0,13.01910006441176,0.9990226741841659,True
45000,152,20305377,24.665892270120146,401,0.00046563579293769694,113,5123.302800115198,24.688178918772614,1571,11,0.0,16.104300040751696,0.9990972745002459,True
45000,153,20305378,24.681112127259688,377,0.00046542567390130325,113,5127.620399929583,24.704261377362855,1516,11,0.0,15.425199875608087,0.9990629450624102,True
45000,154,20305379,24.69280291730501,355,0.000465692561730849,113,5127.747900085524,24.71407771746689,1426,10,9.094947017729282e-13,14.33330005966127,0.9991391626907913,True
45000,155,20305380,24.68777105176965,343,0.00046536134085497767,113,5116.533599793911,24.708797135352757,1429,11,0.0,16.085400013253093,0.9991490446310305,True
45000,156,20305381,24.670448274419833,380,0.0004655226292560922,113,5026.707400102168,24.69522424541215,1494,11,0.0,14.602999901399016,0.9989967302687313,True
45000,157,20305382,24.683285405648537,401,0.0004657202013021746,113,5015.998600050807,24.70628055596499,1548,11,0.0,14.496400021016598,0.9990692589172067,True
45000,158,20305383,24.6732263921573,408,0.0004655718189176063,113,5114.315799903125,24.69696799541268,1502,11,0.0,15.232600038871169,0.9990386834829365,True
45000,159,20305384,24.692027052404487,410,0.00046539617892250813,113,5120.1638001948595,24.71333770888072,1512,11,0.0,16.294300090521574,0.9991376860249608,True
45000,160,20305385,24.664474613545927,372,0.00046543202968834423,113,5030.359600204974,24.68745649441532,1569,11,0.0,14.544300036504865,0.9990690867293441,True
45000,161,20305386,24.67932508920197,364,0.00046566165366814373,113,5151.419299887493,24.703381493884205,1527,11,0.0,16.190299997106194,0.9990261898077318,True
45000,162,20305387,24.687989847126673,341,0.00046549336693241434,113,5059.05619985424,24.711766100969605,1443,11,0.0,15.892700059339404,0.9990378569566504,True
45000,163,20305388,24.672647447020122,410,0.0004653018683478303,113,5124.52460010536,24.69418413984207,1527,11,0.0,15.291899908334017,0.9991278637633871,True
45000,164,20305389,24.66275606537229,413,0.00046546141546728863,113,5050.649499986321,24.686889160502826,1560,11,0.0,16.10530004836619,0.9990224327182888,True
45000,165,20305390,24.67175266656093,400,0.00046555459582026554,113,5103.743999963626,24.694438756876036,1547,11,0.0,15.576199861243367,0.9990813279646298,True
45000,166,20305391,24.652033070406706,392,0.00046547340298867004,113,5051.286899950355,24.675741128574103,1572,10,-9.094947017729282e-13,15.636900207027793,0.9990392159634085,True
45000,167,20305392,24.662919537007095,384,0.00046536553597968135,113,5093.617900041863,24.686894487886764,1549,11,0.0,15.025499975308776,0.9990288389294395,True
45000,168,20305393,24.65992254154143,391,0.0004655235163264367,113,5075.276199961081,24.684612968258147,1578,11,0.0,15.866799978539348,0.998999764478849,True
45000,169,20305394,24.66024928931535,362,0.00046534468883502675,113,5083.629400003701,24.68396981135965,1562,11,0.0,16.41950011253357,0.9990390313136186,True
45000,170,20305395,24.676695690723616,359,0.0004656561428475232,113,5021.345099899918,24.699696440621928,1502,11,0.0,17.16449996456504,0.9990687841061688,True
45000,171,20305396,24.671159330253637,383,0.0004656988357881124,113,5069.3135999608785,24.694414806104177,1556,11,0.0,13.876300072297454,0.999058269813918,True
45000,172,20305397,24.669856339998866,397,0.0004654731151425537,113,5446.44259987399,24.694564874951816,1581,11,0.0,22.119899978861213,0.9989994342853147,True
45000,173,20305398,24.67268625421969,353,0.0004652969483171589,113,7112.625299952924,24.695506994566074,1454,11,0.0,21.41970000229776,0.9990759152929558,True
45000,174,20305399,24.69014032227376,346,0.00046553775239675983,113,5704.758800100535,24.711592794092308,1404,10,0.0,13.206499861553311,0.999131886317596,True
45000,175,20305400,24.680363091167997,396,0.0004654792357282309,113,5217.104899929836,24.703700521059037,1471,11,0.0,13.157400069758296,0.9990553063144874,True
45000,176,20305401,24.68067714650501,368,0.0004653093562012021,113,5167.4127001315355,24.704524196094063,1493,10,0.0,15.287299873307347,0.9990347092135932,True
45000,177,20305402,24.672802510786028,382,0.00046570896641707625,113,5079.73359990865,24.693580321325296,1521,11,0.0,15.877800062298775,0.999158574403999,True
45000,178,20305403,24.67270927010977,390,0.00046530640399701793,113,5167.854799889028,24.695047462312424,1564,11,0.0,16.392800025641918,0.9990954383774017,True
45000,179,20305404,24.691611442911228,339,0.0004655145335954628,113,5153.778199804947,24.71504299410227,1466,11,0.0,14.772300142794847,0.9990519316030875,True
45000,180,20305405,24.680816378982637,392,0.0004655840702246247,113,5089.935000054538,24.704019956437357,1526,11,0.0,14.67489986680448,0.9990607367750012,True
45000,181,20305406,24.66247023731241,399,0.0004655589537447768,113,5048.717999830842,24.68335367397142,1540,11,0.0,15.783000038936734,0.9991539465449124,True
45000,182,20305407,24.663973897795593,423,0.0004653855965502687,113,5032.347900094464,24.688759446915448,1586,10,0.0,12.702699983492494,0.9989960796056543,True
45000,183,20305408,24.660043697344594,379,0.0004656368286856004,113,4973.133100196719,24.683581726402334,1534,10,0.0,18.736200174316764,0.9990464094992922,True
45000,184,20305409,24.686659763680332,359,0.00046564674199377107,113,5203.751999884844,24.70993550991409,1464,11,0.0,15.551500022411346,0.9990580409963264,True
45000,185,20305410,24.678340983263496,370,0.00046550885046064733,113,5008.030700031668,24.701380836199462,1551,11,0.0,15.863900072872639,0.9990672645756629,True
45000,186,20305411,24.660921723296198,387,0.0004654771476770889,113,4947.580399923027,24.68569135827311,1570,11,0.0,18.06059991940856,0.9989965995030311,True
45000,187,20305412,24.695998967430995,377,0.0004656368967781535,113,5132.1004999335855,24.717699238033358,1451,11,0.0,15.810499899089336,0.9991220756271291,True
45000,188,20305413,24.679017557441686,354,0.00046544086279269283,113,5019.1874001175165,24.70124527433868,1501,11,0.0,13.947300147265196,0.9991001378007413,True
45000,189,20305414,24.689999069499095,383,0.0004654559628790987,113,4914.813300129026,24.712636242960244,1498,10,0.0,13.362100115045905,0.9990839838680667,True
45000,190,20305415,24.681339532722312,410,0.0004656607667603443,113,4985.6200001668185,24.702938238897985,1520,10,0.0,15.41160000488162,0.9991256624630319,True
45000,191,20305416,24.679204195523933,385,0.0004655758929516511,113,5109.078099951148,24.703341129701585,1553,11,0.0,15.96140000037849,0.9990229283540666,True
45000,192,20305417,24.67744999566797,358,0.00046553462041734763,113,5038.654600037262,24.70001777514616,1452,11,0.0,14.685899950563908,0.9990863253750004,True
45000,193,20305418,24.68585510706393,350,0.00046545360789383895,113,4976.949099916965,24.707864365892856,1438,11,0.0,15.983799938112497,0.9991092205095917,True
45000,194,20305419,24.686907298282616,344,0.0004655039739877363,113,4928.731000050902,24.71008406906769,1431,11,0.0,16.456299927085638,0.9990620521273706,True
45000,195,20305420,24.672555660071662,359,0.00046558189274455175,113,4985.841300105676,24.695279510033046,1493,11,0.0,15.14060003682971,0.9990798302180726,True
45000,196,20305421,24.701439688800622,343,0.00046561901676947536,113,5010.079900035635,24.72315660837186,1379,10,0.0,15.251799952238798,0.9991215960034859,True
45000,197,20305422,24.689802723626496,356,0.00046539538703124723,113,5338.569500017911,24.71166967535885,1407,11,0.0,16.396900173276663,0.9991151163794425,True
45000,198,20305423,24.67340774447881,394,0.0004655199169393119,113,5098.0395001824945,24.695519934808186,1505,11,0.0,13.659599935635924,0.9991046072167037,True
45000,199,20305424,24.681116188022322,390,0.0004652674873490022,113,5054.0984000544995,24.703988610879193,1504,11,0.0,15.658300137147307,0.9990741404873058,True
